;reviewId;userName;userImage;content;score;thumbsUpCount;reviewCreatedVersion;at;replyContent;repliedAt
0;gp:AOqpTOF_Fc8KcshkA9pIENWucafZecFiLlkxfL2uZuK860ZQdb4OwCawPj-P0aW7oWfnYGw9W3J5p_GFfS3IpQ;erick vlogs;https://play-lh.googleusercontent.com/a-/AOh14Gg5RNhYuKIRYkm8J4BGUw7iEW6ElSv2vFOr07Pl3A;Nossa dalem so do numero e do nome nao cpf email e outros nunca mais compro aqui;1;0;;2021-04-28 01:04:59;;
1;gp:AOqpTOGykGyCDQFeZMDPk3uv1KTTLGyAFf0VNrB5BMzPXXKg8WA2j4p9OEGdBreiXVoefOCPbKBRb2Q-sIO_Wg;Anndrey santos;https://play-lh.googleusercontent.com/-2V4uVQTwZRQ/AAAAAAAAAAI/AAAAAAAAAAA/AMZuucn3R_AeE2Ctjl5Wm584AJSflOw7MQ/photo.jpg;Muito bom;5;0;10.154.2;2021-04-28 01:03:49;;
2;gp:AOqpTOGWN-GCT8ziMRsie4Ad1Rw_YYhDDfus9J9nvu_Ds8JEWcQcSGaIhufqTZdM-CLrcN4aaGpwpVsfdW7dKA;Z√© Henrrique e Lucyano;https://play-lh.googleusercontent.com/a-/AOh14GiOjjmvrK4T65t82a0anRsj9h5YkIW60gAy_D95qw;Bom demais;5;0;;2021-04-28 01:01:37;;
3;gp:AOqpTOHOiPDq7fR1NENxNMdL8TBKWpR0idCIHxqc6LwakYW4fjUrXFA4ncqbnu8gZ3lFdNMzv14iea8XZk1uVw;Mateus Lopes;https://play-lh.googleusercontent.com/-ooK3H8jruoI/AAAAAAAAAAI/AAAAAAAAAAA/AMZuucnzsNGIHyhFp1i-NmRyxGFXClgxYw/photo.jpg;Top;5;0;;2021-04-28 01:00:57;;
4;gp:AOqpTOFNgczAJ3Srqj9e074pgOELGc4QG0qbz6ILprk24o6Kx7p5ji6bZn6mcpVMCo0oJxgUDsZYsAew6cXOQQ;Jefferson Pimentel;https://play-lh.googleusercontent.com/-6AREvAWwEW8/AAAAAAAAAAI/AAAAAAAAAAA/AMZuuclbX0P_NSk5DHnAp-E6aXNU8KUY1Q/photo.jpg;O suporte √© muito dif√≠cil e ruim;3;0;10.154.2;2021-04-28 01:00:21;;
5;gp:AOqpTOHEmIX0Ocq1WP4D3OwbYFbfLsmtncr-CYmg4hWTKUebmf6P4Yd1cW1R4eBEfcc1SpjUFnExfdpS6tk2jQ;marcos favero;https://play-lh.googleusercontent.com/-hL5XYG82pQo/AAAAAAAAAAI/AAAAAAAAAAA/AMZuucnpeZHFm5PFh3rZGkvwbgH3PaHKEQ/photo.jpg;Amo demais S2;5;0;10.154.2;2021-04-28 00:59:34;;
6;gp:AOqpTOF8KacESxk9Dl_WO_4HIZDLgZWPBfZde4Q1Ep5TjcffJ8CTj-qjrsX7DDQ90hI8BDtFYVxY-mlDBYFoqg;Douglas Carlos;https://play-lh.googleusercontent.com/a-/AOh14GjV3hpuLVit4_tQOaIxzny5oe92QwXj5Jc2fKWW1PY;At√© o momento n√£o tenho o que reclamar, muito bom para comprar;5;0;10.154.2;2021-04-28 00:58:36;;
7;gp:AOqpTOEq07Ex8WbuWukqCjJiSuAf7beqtEEPL5DdKqCU-xaovkSiuxNh0YOb4CBLzOYGhqeZUg1Kerg5DHP0TA;Miguel Cruz;https://play-lh.googleusercontent.com/a-/AOh14GgcABhOAYMIEA1lDtEB0-uhBgISNSxvjXU8j1GV;Nada que financia o Flamengo ter√° o meu dinheiro! BAGULHO √â MAGALU;1;0;;2021-04-28 00:57:00;;
8;gp:AOqpTOGXWsDOpgcyDnd9vdNmAkVo1G7REZ_xVh6INsKmV7cXtvJRyHGyrkaBmX5PQcRDgYyhxTB_IoAmtPFd-Q;Rafael Bonini;https://play-lh.googleusercontent.com/-UJmbCvddLNY/AAAAAAAAAAI/AAAAAAAAAAA/AMZuuckH0S47Cp3GvwHBF2PhHU8cmtmqBw/photo.jpg;Muito bom!;5;0;10.154.2;2021-04-28 00:56:56;;
9;gp:AOqpTOGzwTmql4DDqoKETcOfqFM5DnqFybFvyi9U_-7YGXyJKdeJ7vm9vdqZqX1v4lv_EKVLpabHbkKRLXqFig;Antunes BR;https://play-lh.googleusercontent.com/-ZCkL4oRb09Y/AAAAAAAAAAI/AAAAAAAAAAA/AMZuucnzh8dU5hR1rA9pH3U8pSfiIliVAg/photo.jpg;Cara estou esperando meu produto, n√£o consigo nem cancelar para compra outro e vir mais r√°pido sacanagem;1;0;10.154.2;2021-04-28 00:56:20;;
10;gp:AOqpTOErCT70CbWH8cYADOGvyEVdjnVUqmm9S5ZMT53kh4p3tlEFJutNLIlLjZ3jZfLT31VTKgOc2OOPKfsq1A;helendebora pedagoga;https://play-lh.googleusercontent.com/a-/AOh14GjqfnFjHDcoeeEMNd_tzYJgRaRdR_tz0s0j67Q7;Excelente;5;0;10.154.2;2021-04-28 00:56:16;;
11;gp:AOqpTOFx0ltjRIRTUTb1i6g1UY55Za7H9ySxr83VkY9PQuh6tZpzIy67feDgJZQLZFpl_IwToZ9Vqyl1NK5tVg;Ayub Dorigo;https://play-lh.googleusercontent.com/-GIYz7et8Y_s/AAAAAAAAAAI/AAAAAAAAAAA/AMZuuclXrr-L0O9-ZzXtxYnFQIUnnxoZ0Q/photo.jpg;Muito boa!;5;0;10.154.2;2021-04-28 00:54:05;;
12;gp:AOqpTOF4STFw6_rsango3j6NW0YTs5jOvXWKT-O6LOw47g-gpEDiWroae0l4lt653KFvNYQXbaXd2epWy0ZXjQ;Wilton Costa;https://play-lh.googleusercontent.com/a-/AOh14GjvzSj8_KRl6o9ZAlulbidw6AnhUxv7sJct7YDUNA;Muito bom App recomendo glr;5;0;10.154.2;2021-04-28 00:53:47;;
13;gp:AOqpTOFbfOtB7xRtuoA5X7STtXIjNKsjqMqCDMzXTVXYK7NrWQxlrWh1000bOgkEHUDTNWnOMB0GoqHQXE9WjA;Lucas Costa;https://play-lh.googleusercontent.com/-uhDBkWNTPNI/AAAAAAAAAAI/AAAAAAAAAAA/AMZuuckP6mBw-O5GUbf5e-zkF1Eyx6f8LQ/photo.jpg;Muito boa;5;0;10.154.2;2021-04-28 00:52:07;;
14;gp:AOqpTOEd_aW0llnI30KZnpwBvRVndML-mNsCPSBcFcfpp3vS3h4UZMsIYRUO2XOyoFA7jl1CWLys84M8QFB9rA;Alan Carlos;https://play-lh.googleusercontent.com/a-/AOh14GgRITpQeiy1PY8kXzRsF2fZVrFqB3QsuCLCqGjUFQ;Flamengooooo‚ö´üî¥‚ö´üî¥‚ö´;5;0;10.154.2;2021-04-28 00:51:36;;
15;gp:AOqpTOFZ5D45V2yKGIbIKMhIefZ_XXTO7yx0jelzjALynQYmd-C7qoZFJSdxkn0GKj9rxF6apbmJMV-TupHr1w;Dani Crisostomo;https://play-lh.googleusercontent.com/a-/AOh14GgbrXsAoLvIPUCd6UHmhJlwgnmL8zXOkVxKRdG4ZA;√ìtimo plataforma para compras.;5;0;10.154.2;2021-04-28 00:51:32;;
16;gp:AOqpTOH7gKd31QGaWwJPh9EeM30q03cucqmeCqvoxxOlzp5ZjHxsyHUtHDhb8h45GmJVYAVwJrHL_aNXatU-bQ;Wanderson Santos;https://play-lh.googleusercontent.com/a-/AOh14GitlWxPc2OPN5MEud3Xwa_kWe-zd5vJUSQA_j1I;s√≥ dou uma estreka porqie n√£o tem como ƒèar nenhuma n√£o consigo conectar a minha conta;1;0;;2021-04-28 00:50:22;;
17;gp:AOqpTOHJIKZBY1IR74Vh4ISORkPLSlu0xYrabraux1Tr9znebdupG7jNQzCNrlgQDQwyaMyU7Fxbxc2yGBw-Hw;Davi Raridades 2020;https://play-lh.googleusercontent.com/a-/AOh14GhO5SLaNX3Xzqhuk48SSJFDazXaPUxyMAqGKQ3g;Melhor local de compra at√© o momento Seguro e garantia de entrega do produto parab√©ns;5;0;10.156.2;2021-04-28 00:50:20;;
18;gp:AOqpTOFVTEa5jmWl5StxpIIywzyLT2Bzxr4dvVSndjZ31CYZlLJcyfDk3bE-zft8_jgY0aIJ3hlUFdDKbn_xyA;Carol Oliver;https://play-lh.googleusercontent.com/-zYeP3La5LRo/AAAAAAAAAAI/AAAAAAAAAAA/AMZuuckzbfvxnXuzmo3doc9hbN8Kz4rYxA/photo.jpg;Top;5;0;;2021-04-28 00:48:05;;
19;gp:AOqpTOEhEtXBadbW9Xpfn-VaET9Y7GFApZcrqZBbf06qBO4wpqLugcQSoLrfgrI-XyVmcNDP4sdo5q5l-Cj44Q;J√©ssica Rizzato;https://play-lh.googleusercontent.com/-5iOWhinJW3I/AAAAAAAAAAI/AAAAAAAAAAA/AMZuuckgfngL64wIlQ6ptehCVtsS62gguw/photo.jpg;Sempre minha compra chega na data prevista, amo fazer minhas compras pelo app do Mercado Livre ‚ù§Ô∏è;5;0;10.154.2;2021-04-28 00:47:48;;
20;gp:AOqpTOEHshxVXbjMGx68Ap0_4KnsSK2m3HIHMyRzmJLNhc0NGE-wFdUGVgJxmEa0d9FModJWIVtp50dL6lJX8Q;Wellington 2935;https://play-lh.googleusercontent.com/a-/AOh14Gg8L-zAh4AOEos9USkcxGQMeuDUvrCm_YNjT-TxdU0;Muito bom.;5;0;10.154.2;2021-04-28 00:47:34;;
21;gp:AOqpTOFjfAeZuzwdcW5nk7TE3LRQYbJ4H7OBrgmd5PERT7OpjN8ZpWVv5xOkyLNHSGebFYdzb--9CQtoUIiPBA;Camila Saia;https://play-lh.googleusercontent.com/-EBhm4gyFE0o/AAAAAAAAAAI/AAAAAAAAAAA/AMZuuckL0bCuCUJNxOxXhkkN0-7hDb43ig/photo.jpg;Quero quero voltar a comprar como que eu fa√ßo para fazer a suspens√£o porque foi feita a suspens√£o se eu fiz tudo certinho;3;0;10.154.2;2021-04-28 00:45:53;;
22;gp:AOqpTOH50PH-zSj08psKdoqlTTMBJVrw-v1HAiLHoVWexLzGGgBA8t7qbg9wOf7HGOxmEnpCk4wK4JcklxPTiQ;Aline Lopes;https://play-lh.googleusercontent.com/-6_tSkPMmyJo/AAAAAAAAAAI/AAAAAAAAAAA/AMZuucnaaBBa4_XSJLSt8KXLmQoVcIZB8g/photo.jpg;Resolve r√°pido;5;0;;2021-04-28 00:44:48;;
23;gp:AOqpTOGIAwKz2B4qll00hFE-vxazzQUV1gO03EFRhY8OtuQItjKhHRLeEi_EelCoyKKOeuD1lVSg3heswCOwKQ;Anderson Willian;https://play-lh.googleusercontent.com/-r-z_UehBxCU/AAAAAAAAAAI/AAAAAAAAAAA/AMZuucnB5EP-1QJGGfxiTRwWzTL3bFxwBg/photo.jpg;Muito bom;5;0;10.154.2;2021-04-28 00:43:51;;
24;gp:AOqpTOFElrh72KZvA2nD8hVZuS6JYomruDvw3Mj2uEiDtks4JnmI1TwzOkT0vVnVKxwL2SeMIVHTXDX4b9REBA;Amanda Chaves I;https://play-lh.googleusercontent.com/-wZ14w04VrKE/AAAAAAAAAAI/AAAAAAAAAAA/AMZuucmqazqcA_TMQt-yAsT40ZiVJF69RA/photo.jpg;Otimo;5;0;10.154.2;2021-04-28 00:43:20;;
25;gp:AOqpTOGxPvTenZBBJJJEDYGSok2yu_kfvGaxX9dGqXOSjWtqEGi71b-HKoMFIBYVKRerOFt0fNL6tJVoYLXrKQ;Yuri do Rozario Silva;https://play-lh.googleusercontent.com/-bc6YJsHVlW4/AAAAAAAAAAI/AAAAAAAAAAA/AMZuucmPNl-lz1fq9IhAlI17NmmnKpvy_Q/photo.jpg;Flamengo;5;0;;2021-04-28 00:42:42;;
26;gp:AOqpTOFTf9can0G17bT1Y6N6vXBFzIoxNcS1IkJJoJBf--VAkoOJ0oRx4igPrSVtRzVOeAXCIYzc0G7mIJuVwA;Ana Clara Miranda;https://play-lh.googleusercontent.com/a-/AOh14GgeEZ_2rrdLRhHAx9NNqpKDGbyshpl3F_DuZ0vh;N√£o consegui recuperar minha conta de jeito nenhum, j√° tentei umas 6 vezes e toda vez envi√£o um e-mail recusando o meu pedido de recupera√ß√£o de conta;1;0;10.154.2;2021-04-28 00:39:16;;
27;gp:AOqpTOH2O63jRWRy72BW7AHLbwMaMBE7OPtied2xprcUc10uDxuaOVcHLclhBuwiMCexTTpL0X8aAeDPewQMeg;Damiao faustino;https://play-lh.googleusercontent.com/a-/AOh14Ggknb4i1RQm5yCFKcFQS3r5HmT8RPQW99SlM3zD;√ìtimo;5;0;10.154.2;2021-04-28 00:39:06;;
28;gp:AOqpTOGmc9VZwTwEUqrA_wASJPv55Vd9DhuO4NwPpryyG9kcLj70Ov02NtB52FQ4DaZjxLXpQEyUXBvXhrsETQ;Geranice Rodrigues;https://play-lh.googleusercontent.com/-5mn1oA3Z8ds/AAAAAAAAAAI/AAAAAAAAAAA/AMZuucmr3GC85Ur3q-9eBjKj5Op5mMeKqQ/photo.jpg;R√°pido e seguro;5;0;;2021-04-28 00:38:58;;
29;gp:AOqpTOHLbqBdKmT9CyvwwcI3INSH0i7Bws6cdToVrJYx4RMwjAEkUjiwskZVLN8hcAcMxSP0EqA3HM7NKkX4nw;Fernando Santos;https://play-lh.googleusercontent.com/-a9rHO6MTaCU/AAAAAAAAAAI/AAAAAAAAAAA/AMZuucnjhmyvK6bgmPrHXK4inh1J6LfebA/photo.jpg;Parab√©ns minha entrega chegou no prazo exato;5;0;10.154.2;2021-04-28 00:38:14;;
30;gp:AOqpTOFqf2zJ0_OANFTlgMYVDp2EiRXFNuOJzR_2CkSypSVjeZFfRhEf4wBAtBIp-iSWb5SXfoTTpwhjUgCyCA;Um usu√°rio do Google;https://play-lh.googleusercontent.com/EGemoI2NTXmTsBVtJqk8jxF9rh8ApRWfsIMQSt2uE4OcpQqbFu7f7NbTK05lx80nuSijCz7sc3a277R67g;"√≥timo app, completo, r√°pido e seguro, por√©m no meu ponto de vista eles n√£o deveriam utilizar as notifica√ß√µes para divulgar propaganda. Notifica√ß√£o √© para coisa importante como ""voc√™ vendeu um produto"" ou ""o vendedor cancelou sua compra"". De tanta propaganda eu desabilitei as notifica√ß√µes, e eventualmente perco avisos √∫teis e importantes.";3;0;;2021-04-28 00:38:07;;
31;gp:AOqpTOGHhYMCMKdhpas5xZHlD7dl9fAyBmDsMnaeUtPpBHxdxBReVUh-d-DLPdEEfV-7wesJA6fyoA3fX-fxOw;Cristiane Moreira;https://play-lh.googleusercontent.com/a-/AOh14GjBQvnGSZG5ERo6q_Kbr0bDH1ibTcmmxbsdWGnO-w;Adoro;5;0;10.154.2;2021-04-28 00:35:50;;
32;gp:AOqpTOEbAXqeEAxc-ZOJ8iXtStuS9-qsXT0F9OSuIIAtyygXf2Pv6T56UWPQJSfm6um-ijglz2x7wZl0wtRBcw;Rodrigo Figueiredo;https://play-lh.googleusercontent.com/a-/AOh14GiNRJbfUD4J4v64dgEkg5JZ9IpeL1oblDGCcTzC;Pede para confirmar um cpf que n√£o √© o meu, eu envio o correto e recusam. Sempre usei o app, tenho muitas compras j√° realizadas, n√≠vel 4 e s√≥ agora est√° essa palha√ßada.;1;0;10.154.2;2021-04-28 00:35:31;;
33;gp:AOqpTOFMFtnsC_KK8AkEdUESLar1AfwfflphywTYO3Dx_iN6UEZ0gu_dAUV1an_OcnMiPqNjeIfSmssgjtR5xQ;Jo√£o Claudio Matta;https://play-lh.googleusercontent.com/a-/AOh14GgZNZ5zXYOxuAMXONg59ZK5qTHYGAbJ-3A-phgpGQ;Experi√™ncia fant√°stica;5;0;10.154.2;2021-04-28 00:33:48;;
34;gp:AOqpTOGGWY_aQ2rg4piyRQSkogtiKvQ4LW3vqnlK3tuIXKZ3wWxJriVdiD09M9zBZ5eF5PcgBHsq78fPdNhfKg;Ramon Andrade;https://play-lh.googleusercontent.com/-Kb8wYSc7_lc/AAAAAAAAAAI/AAAAAAAAAAA/AMZuuclrbge28-CZD28HOlMXRwMOuSAMIQ/photo.jpg;Top;5;0;10.154.2;2021-04-28 00:32:01;;
35;gp:AOqpTOGN7VwQIclualiUgtun37FYTDRvR00fxsTAJf6ZilK4rd5wi2BSRpXqqPNjx2OXkm5bPBytHvm95yAOSA;Afonso Andrade;https://play-lh.googleusercontent.com/a-/AOh14GhrLzvcNZQ26Fv6csYx0t0cBXTu6-AXOVa0nNEH;Muito bom;5;0;10.154.2;2021-04-28 00:28:58;;
36;gp:AOqpTOE4aaoRjfLhSa2K82SygKWWJ27box2_10h8Ipqg7OPa4oSFcj_YGpmHFJi8MH3yvryy9j0C3U0eqNNnVw;Jonas Mac√™do;https://play-lh.googleusercontent.com/a-/AOh14GgzJT_jfRP_KenX8FxeYlUFg03NnndRO3i5IJ9tCg;Show de bola. Cada vez melhor;5;0;10.156.2;2021-04-28 00:28:36;;
37;gp:AOqpTOHpTFSupZ4y2wOFLcsS0N2d6IBXLutGvlGORT1gz3zGBMKOYD-1oT0BFKwKbO1cih_hKMPRHjlnSbDhug;edilson lopes;https://play-lh.googleusercontent.com/a-/AOh14GgjJAuUj3o8EubdN2FYmVsfgIMay9Tt-6b0sVbygw;Muito Bom üëçüèº;5;0;10.154.2;2021-04-28 00:28:30;;
38;gp:AOqpTOEebCu-QtN2VnUobVIKCYwhPa7wq02gnyj21aPHMP31p3FWeFXppThSFz_DkP8hPrrAQbe15klzMfjn8Q;Evandro Chacal;https://play-lh.googleusercontent.com/a-/AOh14GgGdGHWDQuOuzIlY7xANPGL1TFeMr8UGIYPHHWrKHM;Gostei muito, pr√°tico e r√°pido e muito Seguro ao Consumidor!!üòä üòé E agora patrocina o Meng√£o üî¥‚ö´üèÜüëèüèªüëèüèªüëèüèªüëèüèª Flameeeengo !!!! ......... üèÉüèª‚Äç‚ôÇÔ∏èüí®üî¥‚ö´üèÜüòÇ‚úåüèªüòú Fui q fui !!!!;5;0;10.154.2;2021-04-28 00:27:19;;
39;gp:AOqpTOF7i8QtCAWHw7iBvzCLShZGkhB_HIyxtI0BpwFnrVlvggtqfZkwUb_cqopJXrVK_Oa6qAnh_0GLVcvuCw;Andreza Jesus;https://play-lh.googleusercontent.com/-RvEm15LjwLI/AAAAAAAAAAI/AAAAAAAAAAA/AMZuuckJwOVQ5szfqZX2mJuJtV4o1-XMNw/photo.jpg;Me deixou perder meu dinheiro por umas fraldes;1;0;;2021-04-28 00:25:47;;
40;gp:AOqpTOFR413zYNYaDi0JxMQ1GkM13LxPGfqvIH-BMgwMNDTSixneWx1TqJD1McL0AzY4PCAGUFLQ-B_GD326mQ;Jos√© Ferreira;https://play-lh.googleusercontent.com/-uBW8q76AVK8/AAAAAAAAAAI/AAAAAAAAAAA/AMZuucmOiOT4pXoL7K26hOIDp8aAhOM5wA/photo.jpg;Excelente √© √≥timo amei fazer minha compra no mercado livre √© simples de manusear e as op√ß√µes de pagamento s√£o as melhores que h√° na atualidade e minha primeira compra chegou rapidinho obrigado pela pontualidade d√° pra confiar.;5;0;10.154.2;2021-04-28 00:24:19;;
41;gp:AOqpTOGsIP1NXmviNwzQcsnX22BEIoldJmILVSCoTGZw1q7yo1mtDM0wgG5aeWMWQKOReVDknA8guW0EW4e0mA;lucio pereira;https://play-lh.googleusercontent.com/-wUANptVGM60/AAAAAAAAAAI/AAAAAAAAAAA/AMZuuckjvGQenSF-Hid6e4BsodkcTl8eQQ/photo.jpg;Maravilhoso;5;0;10.154.2;2021-04-28 00:23:05;;
42;gp:AOqpTOFn5W4lShUqJ3rrcEAvOtSngXm5Ec6L0qeVyJ1Y53-RHS1kFRbuc92qzrkiSOVD1e3r7swQ6J5AARYTtw;nil farsura;https://play-lh.googleusercontent.com/-MyO_Sr1dJh0/AAAAAAAAAAI/AAAAAAAAAAA/AMZuucmPoJMQhWF07DKW7vhRkKxjEtJxQQ/photo.jpg;Gostei muito;5;0;10.50.4;2021-04-28 00:22:37;;
43;gp:AOqpTOHXQx5sJVUtQsSUyEy0F92Bc-HtJngES-jSlcyU_SghqvPvaHHi0hBIly0q9HJldmjudc9ZO42Qqm_Zrg;Soila Oliveira;https://play-lh.googleusercontent.com/-BW95F4tfFso/AAAAAAAAAAI/AAAAAAAAAAA/AMZuucm2x0Xdrnzf3zRbHFYLaajs2rU-0A/photo.jpg;R√°pido e pratica e segura;5;0;10.154.2;2021-04-28 00:18:42;;
44;gp:AOqpTOHbqVTx32QIK7PQTZg_6k4FKnPHRc1_N9ePnnOgxtp_SiP7WpC02x3IfmFtzE1r5uHxZPkw57DDcpxu4w;Thamyres Silva Lima;https://play-lh.googleusercontent.com/a-/AOh14GhfLfJdFdDRZvy5Of4CmCiHtsBxmGRrqFy8i5qeqA;Muito r√°pido e pr√°tica as compras, e dependendo do pre√ßo da compra o frete gr√°tis.;5;0;10.154.2;2021-04-28 00:17:47;;
45;gp:AOqpTOFizhaku4E0zWt4N3IyGdp8THQva1Tt_bqZR3P8zoWkpiXyJ9J68fIy1xeMxM8SXpVTGcZ1hI6HMi-yXQ;Lucy Nascimento;https://play-lh.googleusercontent.com/a-/AOh14Gh9ZM6niDo8FmukVqpRCxQSlcmR5P_Nbcm0v1MQBQ;Estou com problema em um ressarcimento de um produto, s√≥ me devolveram o valor do frete , o valor do produto nunca veio e no app informa q eles mandaram o valor total. j√° mandei email e j√° tentei de tudo e at√© agora nada do meu dinheiro de volta , nem em veredito n√£o veio. Amo esse app m√°s, estou muito chateada com isso.;5;0;10.154.2;2021-04-28 00:16:53;;
46;gp:AOqpTOF9lW-cPwXnQZ-i5YIAvseUQVmogGRZwSyxI91vxTtWt9Gck4RXRaZSbX27_J8S4LQ4V1t76_igch1gpA;Elineide Taino;https://play-lh.googleusercontent.com/a-/AOh14GjgXYrS6fK4g2qDihgM3SRVsIYrMu__JhU_ZcDc-50;Melhor app;5;0;10.154.2;2021-04-28 00:15:05;;
47;gp:AOqpTOFh86vCyvSBSwOY-33h6AZM3Nv3vV1joOW6OYgcv78nqo38vuoHGpP-vRC6e4C-AfXnyFWHuRm3lTwInw;Luis Santos;https://play-lh.googleusercontent.com/a-/AOh14GjG2eZgpKNo1PD9uJZsEACizZrqPw_XQve9f00;Melhor appp pra compra ,nunca me deixou eu na m√£o muito obrigado mercado livre;5;0;10.154.2;2021-04-28 00:14:52;;
48;gp:AOqpTOEmD1JTx0IsqIg9pcqs--V0o3wJIimLs35j9gqgL2tBUwKPh5ITMJKMQhPKsRIlL7Uh4nGdlkYkVRV-SQ;Herleycastro Herleycastro;https://play-lh.googleusercontent.com/-vQ7g6ngw6I4/AAAAAAAAAAI/AAAAAAAAAAA/AMZuuclaGjmFKGkQdJTBWxjouee4o6bO_w/photo.jpg;Excelente;5;0;10.154.2;2021-04-28 00:14:27;;
49;gp:AOqpTOGqhUNxQsZscQxAu265YMlYubae2tFvPLcXK9zodAaTuHNx8uv93DnzifOV7XUHG7EPzmTjhYmnwNGAFQ;Lindas Mulheres Apaixonantes;https://play-lh.googleusercontent.com/a-/AOh14GiAI_rC3TcNr_DEVhSOaz9wp3Rjn0sc4S08OHbTmg;Feliz com as compras!!! Compramos muitas coisas no mercado livre, nada para reclamar.;5;0;10.154.2;2021-04-28 00:11:34;;
50;gp:AOqpTOHHArGW7b_pTzb7rS7KZZ7HO6ksh46uB28_i0N6rRqmsVfsvRKSwRAJ9Z_7j5darV7pQaBzME7ppFrXSg;Diego Santos;https://play-lh.googleusercontent.com/a-/AOh14GhaQkK8cmovbzJ9axzdWKWzw_gAanTkN-FUHja5lA;Estou extremamente decepcionado com a plataforma... Minha conta do Mercado Livre e Mercado Pago foram bloqueadas sem nenhum motivo plaus√≠vel... Sempre utilizei a plataforma, sempre paguei em dias, sempre fiz transa√ß√µes no pr√≥prio Mercado Pago e me bloquearam por uma compra que realizei sem nemhum motivo. N√£o recomendo, comprem na Amazon. No momento em que fui confirmar a entrega do produto, simplesmente me bloquearam.;1;0;;2021-04-28 00:09:14;;
51;gp:AOqpTOFi3ROoajw_3YQGrtoZpHiTrRwH9i3uhBew4jV4W9UuipO_o3gMVuj15rELTvSOjzV54paZzbp5N8ittA;Williany Pessoa;https://play-lh.googleusercontent.com/-C2FqKCimFPg/AAAAAAAAAAI/AAAAAAAAAAA/AMZuucnqxInNc2t5pYo4DSL-DeLLMWyHPQ/photo.jpg;Excelente;5;0;10.154.2;2021-04-28 00:09:08;;
52;gp:AOqpTOGJsjIwl5rQOsNCQsImgWKDDkoqfCzhOWNhk-j7l3cw6wOA4Pte8bjb8TtxFWMjmk-Lj4tlKPbjIJOjhw;nivandro ramos;https://play-lh.googleusercontent.com/-iPV0ld7Jrrc/AAAAAAAAAAI/AAAAAAAAAAA/AMZuuclesdeQvDxIzcBpU5_0wpzXA8XkCA/photo.jpg;Muito bom;4;0;10.154.2;2021-04-28 00:07:55;;
53;gp:AOqpTOGjpnSMgC3uJh-vdgUSPK88FdjhgqGHb3FohWQq6dUOVEFwB0HXo4BTvy-oifiNI7DKmCqMck_pXhpFKg;Celso Junior;https://play-lh.googleusercontent.com/-cTZhDZRfLBY/AAAAAAAAAAI/AAAAAAAAAAA/AMZuuckKKOqKemWA6n0w7Cuw98eA9k5h7A/photo.jpg;√ìtima;5;0;10.154.2;2021-04-28 00:07:18;;
54;gp:AOqpTOGZ1r4GVUsq34GrByErx7nJgDAbdTrFc9oYnIGtCbFu246tbYzkoUyks0b3rtW09I6phkd4_Enpdalteg;Hudson Umeoka;https://play-lh.googleusercontent.com/a-/AOh14GhXnXi44kVcIFEk-B9YzZvTGVZI3I5ui0j7VvgmC1o;Top;5;0;10.154.2;2021-04-28 00:05:56;;
55;gp:AOqpTOE7rP7IkIFcJoF3ZQu75hhBbczTr-t4jszTOKU-RWIQ72bNcgaiRG-S11DHNyk9iLYA7_1J1L8zfZ95wQ;Simone silva ferreira;https://play-lh.googleusercontent.com/a-/AOh14GiclO0b3Lkm8pkp0b846VXnsKl4qnhnEInypLfp;√ìtimo ‚ò∫Ô∏è;5;0;10.154.2;2021-04-28 00:05:34;;
56;gp:AOqpTOF2oQ482Q4iwJ5brB0PU9bTO6ZjMvhOPcznvU7lwGKFg9BrFsEeJQbvzMOpH9nAYWjjLpcKwD5uTr1whQ;Cleusa Rotili;https://play-lh.googleusercontent.com/-W3-KrWWklOc/AAAAAAAAAAI/AAAAAAAAAAA/AMZuucloOL5XcFceJfisZ1h7VyHoWQK--g/photo.jpg;Sempre fui bem atendida, entrega sempre no prazo combinado. Continuem assim üëçüëçüëç;5;0;;2021-04-28 00:05:35;;
57;gp:AOqpTOFjyrCqdbMI0tmErZiDuiGjYEJN6kVB5rhxuxgoa8guZ7e8m2kfK1pGcSC1DYPWuFc5c27QI3tY3dT9fA;Rafaela Paiva;https://play-lh.googleusercontent.com/-IWPDamKaiYI/AAAAAAAAAAI/AAAAAAAAAAA/AMZuuclOW9GpfxjH4As4QlXqf5CxNMWPgw/photo.jpg;Aplicativo 1000000000000 üëçüèª;5;0;10.154.2;2021-04-28 00:05:04;;
58;gp:AOqpTOG59cQbX0zviULrtCnT2mRd6OPaxOool_Hfa5-KSJq624wFtWesNxz7l1Lwra274_rhHX_JeJTMs8xydw;Rafael PPMonteiro;https://play-lh.googleusercontent.com/a-/AOh14GjpE_Ym808QfxYfNX8zfxaCamApH-pHz1D9r72vjg;√ìtimo Confi√°vel e pontual;5;0;10.154.2;2021-04-28 00:04:54;;
59;gp:AOqpTOGOj_ymiPUGCmVuNXYWnPh0MuIQ_mvDiIVAjARKrHs41cnMPq76tBdXw2umW9uhHlQ9PZXI_r5WUJEJZw;Rafael Facanali;https://play-lh.googleusercontent.com/-PaDVnFyrnYo/AAAAAAAAAAI/AAAAAAAAAAA/AMZuuclvND8MZeHWImZqNGUUNb37axNh3Q/photo.jpg;Processo simples e r√°pido, at√© agora tudo √≥timo.;5;0;10.154.2;2021-04-28 00:03:49;;
60;gp:AOqpTOEsf7wDf9ADhzgdNlA23_GsxFfZcXjfLDKX3NFFZfYpKKhEf6WANMGaiiZGZzP3b7x8qCRSiN_V8PzYNw;LOJA DELIRIUM;https://play-lh.googleusercontent.com/-Nsa7k2iLjiM/AAAAAAAAAAI/AAAAAAAAAAA/AMZuucmlEOYO_-WnaLAxkSZH78KGyrs1BQ/photo.jpg;Compra r√°pida e barata e segura;5;0;10.143.1;2021-04-28 00:03:13;;
61;gp:AOqpTOGYLMyivNwQ7vzv0b9wPplBwc7zcSbzdEyhjt3rrjujWWN0fn-DLSx_F5SJ1nOqSd4JaknrTvg7oIDeYg;Luiz Gustavo;https://play-lh.googleusercontent.com/a-/AOh14GhdNkvwk7JjqHe56jlemX1b7lUEdKjNGnJtZhuvwO4;Top;5;0;10.156.2;2021-04-28 00:01:02;;
62;gp:AOqpTOFU6rQ9mGKT1rW7LOigS7o2cqLT_XetJK4i76kB2y2GbMZLUfB6MJQ4LxxbSpjykvXZhgFlXhiN-QcyXA;Andrea Pulz;https://play-lh.googleusercontent.com/-brz4kp3z7l0/AAAAAAAAAAI/AAAAAAAAAAA/AMZuucnma-BEc-AEvZueRPNYfFs_dUqGpg/photo.jpg;Boa experi√™ncia;5;0;10.154.2;2021-04-28 00:00:20;;
63;gp:AOqpTOGZ75GNvXeqdr2q6JGHu0Jsx6KApiNFdsCsdXzQ601PWXaknHYKSOZkl29Valg2yzTLReHHWGc5pCJ2LQ;Danilo Borges Moreno;https://play-lh.googleusercontent.com/a-/AOh14Gh79W0Tl-P3hb7V-8OtQasjTQvGtIU64oVZQOX9Tw;Top;5;0;10.154.2;2021-04-27 23:59:46;;
64;gp:AOqpTOFpXzBW4sGDjecnV5HpuH58HjhK_Q_fFIZ7W3gxuOzDs5AdWTC5Pi4YLeRr3JC_shBPAibha4CBiwSLug;Astria Mafra;https://play-lh.googleusercontent.com/-_epUxQ2XD_k/AAAAAAAAAAI/AAAAAAAAAAA/AMZuuclkLxroTz3odIr_9NI_27oO-FVmlA/photo.jpg;amo;5;0;;2021-04-27 23:58:53;;
65;gp:AOqpTOE4R03oHYH2Xiz35NpbwPdG-fj8vAHTBQNAvA4Ty0NO1yiYGmy0HAg91SR5-TMFCZW1VYAry62bKr2Bkw;Plus Telecom;https://play-lh.googleusercontent.com/-u-QhaBKIlAE/AAAAAAAAAAI/AAAAAAAAAAA/AMZuuckgAJij-rgLxamPD4gPnI0pTDoKYA/photo.jpg;Muito bom e pontual;5;0;;2021-04-27 23:57:03;;
66;gp:AOqpTOF2fFOaGzIXOhohaHjQMDoYDYVu1x3S5zjhafOVWlcakBPzDHQ_p_qkaxxMfZhqJBO2BN6ibtPVgX-ZIw;genesio souza;https://play-lh.googleusercontent.com/a-/AOh14Giw8QP_wdgFE0qfRh-Twd4XRrP1zFkW1Zd9eYT-;Boa;4;0;10.154.2;2021-04-27 23:56:59;;
67;gp:AOqpTOHVFPxjhkeLY-3xqvindJwBUBkR-c32NYYBXgo5IyPfaVdIaCOj94W1rWgcowWdyTSw1fHxbj41So1GeQ;Laercio L√©o;https://play-lh.googleusercontent.com/-zcsX-hjToOQ/AAAAAAAAAAI/AAAAAAAAAAA/AMZuucnhmslkkAIAjDZCTCLKB1eenPSLkQ/photo.jpg;Muito bom;5;0;10.154.2;2021-04-27 23:56:09;;
68;gp:AOqpTOEjxshcQZEB7ZWQeUiBDEHPB1aWaEMEdbzbFY9DXXFML-Q7owrDFVebENUHQfUkmrA5cqcJt4pHiDoRnw;alex xj6;https://play-lh.googleusercontent.com/a-/AOh14Gh2C4yQM3wMb-UsqSDnk7EcTBzcQelhVR7p-tHA0Q;Otimo maravilhozo;5;0;10.154.2;2021-04-27 23:55:43;;
69;gp:AOqpTOFnMDwe1kb1eisdHjGn8Z605zs-l5-5IQJHoN58cHc5cHTp5Dz5fbw09j_MNXFx-Er4LsqyDm-slo4CCg;Talita Moura;https://play-lh.googleusercontent.com/-Mmo3F5G9xps/AAAAAAAAAAI/AAAAAAAAAAA/AMZuucmocfmQh6Iv_LqqJCRYZRcdFU7ZQw/photo.jpg;Super satisfeita com mnhas compras;5;0;10.154.2;2021-04-27 23:55:26;;
70;gp:AOqpTOErf3IL2wb0wUT64esYzwl1xG2V0joFxvjxz1QwzVzKmX1vzpyNtDp6ZqO7oPuarRZ1Dvvsl3q0g-HU4Q;Crisley Lupatelli da Concei√ß√£o;https://play-lh.googleusercontent.com/-ifolXNrevgk/AAAAAAAAAAI/AAAAAAAAAAA/AMZuuckURKzwu_KG7nrkbbwqbTxmVTiJeQ/photo.jpg;Boa;5;0;10.154.2;2021-04-27 23:54:17;;
71;gp:AOqpTOE4d8f6wprRWwHHMhCsyLwyrpjSJMp5jRa4aqysg_bJjDbHCeiDKZcYGPpyUNjaaqQoosv1XOZLZLdaTg;Elisabete Carvalho;https://play-lh.googleusercontent.com/-rZFZRuXIL5Q/AAAAAAAAAAI/AAAAAAAAAAA/AMZuuclpdcnjK5fU3cW7sc1EY3QIJ7Q7FA/photo.jpg;Super indico üòÅ;5;0;10.154.2;2021-04-27 23:53:15;;
72;gp:AOqpTOHToM0bOcIJ9_jCpuO4--R9cJj6zfb_llEVvyxvcXbN76tN9T0FCnnMBFSqAGX1pGufdm4qkMDXelD3wg;Wander de jesus da silva;https://play-lh.googleusercontent.com/a-/AOh14GjaUd0giGIH7YPNC5we2vvua75MAu231Klp_63_Qw;O mercado livre √© uma √≥tima plataforma e app de compras, pois nunca tive problemas. Compras seguras e entregas r√°pida.;5;0;10.154.2;2021-04-27 23:50:25;;
73;gp:AOqpTOHU8Jpc1ras-gQlIPRmp2hix1Uomx5Wbb-YXtS80xs3QIobbW0m1UWZbeVuHEC3yatlEF1LUaStx-yaDA;Marcia Pe√ßanha;https://play-lh.googleusercontent.com/a-/AOh14GiQUTgaTYuxOzCaYBH7l-nLIKPXZDWaRUHLIvcazQ;Pr√°tica a comprar...;5;0;10.154.2;2021-04-27 23:50:16;;
74;gp:AOqpTOF0FOZm0TAkouaGGUquYg3Uwym8a0zc2ZXPsDZuruakQaCgO8XF7AUTSZ6iigf2-UMJwsZ_nTqtl5KJOQ;Carlos Roberto;https://play-lh.googleusercontent.com/a-/AOh14GiZEERisFvlH417NBFW6oHWFZyTLVUOPjNHtAb1RXQ;√ìtimo aplicativop para que busca boas compras, mas tem que ter tempo para mineirar.;5;0;10.154.2;2021-04-27 23:49:37;;
75;gp:AOqpTOHDgz_HKMZGGpVGK0JXwcV1A4ITSM-m8KGTbaufq-IJlisWnQNu1Rq092UBbB9Ru2rgwjQZJ-m24wUZBw;Ederson Abacherli;https://play-lh.googleusercontent.com/a-/AOh14GhWTtE6YcGbXK8LyIDiKul5b13oqigngw3UlywArA;Por causa do patroc√≠nio ao Flamengo, nunca mais compro no mercado livre..pior erro q fizeram.;1;0;10.154.2;2021-04-27 23:49:01;;
76;gp:AOqpTOHZ1nrg0pxppQTD1LTQR2iw6-FCwK6QNn_8vbxCnCmeYE6onW7krwpUm7c15j4nQpnN_2zSIrmlEu-QMw;Wagner Miranda;https://play-lh.googleusercontent.com/a-/AOh14Gj1QJLG_gU0U0FI27DcE0974tJqNDI7jm7-Z1a74w;Excelente! Marca durinho no vendedor se algo der errado com o produto do cliente. Est√£o de parab√©ns!;5;0;10.150.2;2021-04-27 23:48:44;;
77;gp:AOqpTOEZII06G3BL9w57dYou6lnEgHVqVsOOs5EBwkEgLSWLHxSghDAwVItLBXyr6GSJtjEYyACSZCjOZdF7cg;Talita Cirineu;https://play-lh.googleusercontent.com/-YEfhljJXdno/AAAAAAAAAAI/AAAAAAAAAAA/AMZuuclw99261GtjoZmSwd6HzImXafukfw/photo.jpg;Gosto muito de comprar no mercado livre;4;0;10.154.2;2021-04-27 23:47:09;;
78;gp:AOqpTOGA73iti3DIyeTTc7EjOUyVV-uQXFVjG_rB7EVbb5rMepN4uxkXzj4Svn4A829CZnTIbN6stWpcG3mHFA;Alyson Francisco;https://play-lh.googleusercontent.com/-LGGu7Bg_1wY/AAAAAAAAAAI/AAAAAAAAAAA/AMZuucn0QydoAkT4-Nrewl2SFiypUgcvCg/photo.jpg;Boa;5;0;10.154.2;2021-04-27 23:46:34;;
79;gp:AOqpTOEUpwSLfUZk_6M2iv9fGHBa3tg0szdwFzlpPB75q5QgZe4AYW-gr1Z3AE_pS73Zsrm_48WvSAq4G_3wCA;Emelly Andrade;https://play-lh.googleusercontent.com/a-/AOh14GhUJ93y9AxzWMK9z0cWbYdNvL3Ko50il0UIlwR8;Todas as vezes que precisei fui bem atendido quando n√£o. tive o reembolso do valor muito obrigado mercado livre;5;0;10.154.2;2021-04-27 23:46:27;;
80;gp:AOqpTOH1PIIOWDsHPm-wGQsl7L6nCp1Ne5FFIQTViyVRTN6vWu8La4nqV6x6bjuUbDekbBaTsrybJBxgM3Y4HQ;tatiane tuty;https://play-lh.googleusercontent.com/a-/AOh14Gi1mQWL2GVIELuWG2cfd6g5_BWPHqEERXxB92Mt;Entrega rapida e super confi√°vel;5;0;10.154.2;2021-04-27 23:46:12;;
81;gp:AOqpTOH-FhsLnmG4Rn2IHaAts_noVtDMWjA7FvCft1cumUBc8ggoTj2sEfZe4Z7jG1iOjPvjF3-uFykjIO3BlQ;GM ASTRA 2.0;https://play-lh.googleusercontent.com/a-/AOh14GjCYvzgoO8YBC8zCI1T1TusseQs5ARp2ofQKyGgtA;Recomendo üëçüòâ;5;0;10.153.1;2021-04-27 23:46:10;;
82;gp:AOqpTOEup4oGU9TV6yigO5Ct41-tSVcgJMTDlseFB9WrxBu23CckzJYXQRVDx4EH95PgGVWL-mBujdElCie0DA;Lucas Andre;https://play-lh.googleusercontent.com/a-/AOh14GgDVr010fjHYGfrlQjOaJ50ke9D4kYYn6kKNw58Lw;N√£o tive nem um problema;5;0;10.154.2;2021-04-27 23:45:32;;
83;gp:AOqpTOGfYlHdCpclPH8FWDzQEDbb1RVR2ody8cyN0nQ3zzpQuYjN7pnZFdg9WYsK2KOAW0qRQquNObcLEKTrpg;Vanessa Lopes Da Cruz;https://play-lh.googleusercontent.com/-zJSU5kIYDSA/AAAAAAAAAAI/AAAAAAAAAAA/AMZuucl_GYmtUwPxKd8AO79CIE4iuI8teQ/photo.jpg;Exelente esse aplicativo.;5;0;10.154.2;2021-04-27 23:44:47;;
84;gp:AOqpTOEyXH2OCmnrXvFokdWAKW-A9q0l3_fB6bh3vmk-0menmdJgRMuR6qyz1ytz5vvlUndziLPcXJb5k37O0g;fabiana magalhaes;https://play-lh.googleusercontent.com/a-/AOh14GgNZg0tm1VFBfLRAH290nx4gJyOWF2f03wx0GNutA;*Qualquer pessoa consegui comprar de forma r√°pida e segura. *Oferece acesso a todas as informa√ß√µes sobre o produto. *Diversas formas de pagamento. * Comprei diversos produtos e fiquei bastante satisfeita.;4;0;10.154.2;2021-04-27 23:44:32;;
85;gp:AOqpTOFPM5vFA8Q9wtQVlKSlj75ciTeLA3hndpEsguGCTxvnnRsmlVPD57hBDOIyil_bEFryppXYV9juVm64AQ;Ednaldo Silva;https://play-lh.googleusercontent.com/a-/AOh14GjwnibB57NE0uRX60IhQYAJV0hACbQrfIDqHs_7Dg;√ìtimo apps de compra, variedade, pre√ßo e praticidade;4;0;10.154.2;2021-04-27 23:43:26;;
86;gp:AOqpTOFiMY7VBL_mkAx_hRZ28l-PA6FBR9kscXsh7iAyvHIWtSXaK_fpvJwrSRVRdYutF4IcbujvMK6qRt7fbQ;Elisangela maximiano vieira;https://play-lh.googleusercontent.com/a-/AOh14Gge83w7NN3uYc6JwLCJprK9yoe1phoDCU8h63nG;Td que comprei sempre chegou antes da data e nao tive problema algum...sou cliente a anos.;5;0;10.154.2;2021-04-27 23:43:23;;
87;gp:AOqpTOGHegGJm5qnXAIqhFv3kI03cYptGqoh7gFFLy_moSrnKjaC8chawsL_BBDuSE7In3rX8l6yFJpm6s6o_Q;Roberto Georg;https://play-lh.googleusercontent.com/a-/AOh14Gg9lVL_wtCQH4YZY7mXigHFehO9wwQhR3qr-3LXAw;Recomendo;5;0;10.154.2;2021-04-27 23:42:23;;
88;gp:AOqpTOFNSGvEBsuvT5Rkz9ntjFU2MGhdey7cs0relgRxztLNB-jO6uHCsWzFbDb7q1_LKU_EAFGm6MpH846NNg;Victor Miguel;https://play-lh.googleusercontent.com/a-/AOh14GjpxyTb9tPEPEMwemLcspiWJZhiyOqfVe20xqEM;Too;5;0;10.154.2;2021-04-27 23:42:18;;
89;gp:AOqpTOH7XpkGjMr0V9nmRM-grqVr0_ToXUUCP07bcRF3PN3mwDe8oVdYfH-fjvwq0e6QHzPBg92wUKYyJd0PcQ;Cris Araruama;https://play-lh.googleusercontent.com/-TtdLKD2UyBw/AAAAAAAAAAI/AAAAAAAAAAA/AMZuucluKVPWwr_-y0tWwVif8-ubHOJBKg/photo.jpg;Sou sempre satisfeita com os servi√ßos do MercadoLivre, entrega pontualmente e correta , produto bem armazenados, funcion√°rios atenciosos e educados, obrigada. Cris;5;0;10.154.2;2021-04-27 23:42:07;;
90;gp:AOqpTOFS2da6dkdpTCWaGofXmTMVUV60tlpBD8Cazb8aSzlCoFZ0Hd9EfgMBK7KwxUJjSTE3WpF-tIw-4Wq-rg;MARIA CHIQUINHA ARTES SANTANNA;https://play-lh.googleusercontent.com/a-/AOh14GiHpRQgzB9FzMZSHRg8Kqu5BDIZxs-9VH_Aoc4nCA;Bom;5;0;10.154.2;2021-04-27 23:42:04;;
91;gp:AOqpTOG3baOg0zAqPuTO5fjp04rBtQPa_hyZDiHuM7w6iY569lqwxlB9J7mOxvItswGwKVo9RVPgqKGVvvztvQ;Ezequiel Barbosa Nunes;https://play-lh.googleusercontent.com/-nZEYjUH3D_g/AAAAAAAAAAI/AAAAAAAAAAA/AMZuucn7b8f7UPP4SrAOgY-wiV8Qg_WHGg/photo.jpg;Entrega full nunca chega no prazo .ta enrolado de mais;1;0;10.154.2;2021-04-27 23:41:30;;
92;gp:AOqpTOH_PmIv8qowuG6ZdYXR-3RSulUJOe7BbFgBq_2MjV9Fg8KfOnLmcNub7h-792qb2YLdvgHB6lrEZBdl8g;Ezequiel Ferreira;https://play-lh.googleusercontent.com/a-/AOh14GiSJaUSo7z3boSmVWDXBj0BvvPeW9jmgSh1JgxUxA;Bom;5;0;10.154.2;2021-04-27 23:41:29;;
93;gp:AOqpTOEIaWmY9Aicnue4Y5B7l3cXYJ8Jtw8IYTa7xhCMf_3-BJnwgqxRfb6yWb6hsBGwG02jL6N8ZUAYabbB1Q;Fernanda Santos;https://play-lh.googleusercontent.com/a-/AOh14Gh3wUmhYV0wpPxr-0FEYbeddOtSjqzTfKH7MCL3_Q;Entrega r√°pida e muito compromisso e responsabilidade com n√≥s clientes. Est√£o sempre atentos as nossas solicita√ß√µes. Todas as vezes em que comprei fui muito feliz com minhas escolhas, e sempre chegou antes da data combinada.;5;0;10.154.2;2021-04-27 23:41:18;;
94;gp:AOqpTOFz5G2e2FL-2XqmtZNhiey3ANDjyPfCe-lpFT_EYbcgIVegwXBpxotMUgGptQFzauDkcLMjfnBDR_sT4g;Halliu de Abreu Pessotti;https://play-lh.googleusercontent.com/a-/AOh14GgR8E5-QY5VTLHTjeCsZAydovi0WoaS-DF2hcZOjoI;Bom;5;0;10.154.2;2021-04-27 23:40:57;;
95;gp:AOqpTOHskYSj1OuIQA1YzaAfVkmYil3GkyoQVMqFT7nP-VFDx7ns1e94w0FU57jfeavA4KNBrYEDjDHqcmk2Ag;Romero Jorge;https://play-lh.googleusercontent.com/a-/AOh14GiKuLI34DIJ5HJWX3WbkHfifb8LfLsE9KQWvTFFOQ;Recomendo a todos.;5;0;10.154.2;2021-04-27 23:40:51;;
96;gp:AOqpTOGo81TL6iV4e0X9_WQ49EmEaBPqiWDwCug6G9qUK-Bd9FAVAzx5DZnmu4Q8XFZe22dzhvipjfaRbmqTnQ;Antonio Felicio;https://play-lh.googleusercontent.com/-M368MG-wky0/AAAAAAAAAAI/AAAAAAAAAAA/AMZuucnRekpV7-A1Ah-HYSGNATCNHz_k_w/photo.jpg;Sempre fiquei satisfeito tanto nas compras ou quando n√£o gostei a devolu√ß√£o foi quase que imediata;5;0;10.154.2;2021-04-27 23:40:32;;
97;gp:AOqpTOFAHfel3Tsw88UA8sU0F87TV4PJ1zHaSHGHv_Phz0E1g91NxWpTBIWvlWWwWP4HWPr03dJXv_kKvDMF6g;Paty Menezes;https://play-lh.googleusercontent.com/a-/AOh14GgpV2KZJf9mgXfpcdi-Rkgo5gurrluwKi-pBgAVhg;O melhor topppp;5;0;10.3.9;2021-04-27 23:39:48;;
98;gp:AOqpTOH0EUWsqIsO_OTD4ZFS-LMLT0flLUOmNKxiGwfFJyrXLv1EBV4op6tyXKcpjpiWP1NyOknERmy7mz9E7A;Roberto Marioti;https://play-lh.googleusercontent.com/-fT0M3HvC_3Q/AAAAAAAAAAI/AAAAAAAAAAA/AMZuucnw1ke16OyQxN3gyRGizscfdbd9kw/photo.jpg;Muito bom.entrega r√°pida.parabens.;5;0;10.154.2;2021-04-27 23:39:33;;
99;gp:AOqpTOFlp7WLQZ4BIxIjYDgoeOB7DtyN2iPHSGVs9rjLsZUAOkezHSRdmJjsdYBV9qyAGro-LjP2ZfeiDtFCyg;Ana Paula Siqueira;https://play-lh.googleusercontent.com/a-/AOh14Gi0ky_MZA6gfTcYzfFLCOppB9xbAfME_UxmwXB62w;Minha conta foi clonada e n√£o consigo cancelar a conta.;1;0;10.154.2;2021-04-27 23:38:32;;
100;gp:AOqpTOGoDS71f3x98ezV5JxoAsz1flAHnFptoexE2I9Eo01BV3Gdy9ECvQ2PRHJgiCFhSQXWN65R69ZKC34zjA;Selynger Vasconcelos;https://play-lh.googleusercontent.com/a-/AOh14Ghi8Fr5hc18mrcgGpmCoNXPHIrbMuQp5V0C2DpU;Confi√°vel;5;0;10.150.2;2021-04-27 23:37:46;;
101;gp:AOqpTOHuXx6Mum-XUCCBdkHzRCGPoUd7PMNv5eGeXLK6lI-7Thn8lg-UAsu9gGzaXu6KMNoG-onHMpV1M7RLGw;Planeta Animal Pet shop;https://play-lh.googleusercontent.com/a-/AOh14Gg24FDYoNdEZvfwnFl1N6K2IfFRCDHp2GOoKPGHfcA;Excelente app. Compra f√°cil e tem tudo;5;0;10.154.2;2021-04-27 23:37:46;;
102;gp:AOqpTOEaQaMXjLBZEq-03AZr94goPzlk7g7xfUA6H9KCu3_p_XAckg_j4czwVidYGhRU0mBa34kQlNrC01e7bg;Samara Mello;https://play-lh.googleusercontent.com/a-/AOh14GgG45QNx3dBFcL-WkhfWgV1ACtfaUEHmkQ-uc-A7Q;Muito bom;5;0;10.154.2;2021-04-27 23:36:46;;
103;gp:AOqpTOF5lS8XMDBgay1TIyRgb0SJbloYK5nscVXTKW1PNtsXgX_fHTrNzJtuGmpxTp7qvW78gU7ZBbwrgtNO0g;Andre Colombo;https://play-lh.googleusercontent.com/a-/AOh14GimQ5agZVt_sq0LX3WUp7MngiH9kfFWhWVYPozk;Excelente;5;0;10.154.2;2021-04-27 23:36:30;;
104;gp:AOqpTOEIpLpoIMcBqLpHo9ZEiG_-hm9JZS3AM5bXDClUr725JoyQ3HDVoOHT1Yu2CQu-aPj8zLe8VvzewnKHFA;Camila Soares;https://play-lh.googleusercontent.com/a-/AOh14GhmHpj9smldMtTkk4BoUo6vMHqVExOGNmxca_ZMjA;Amo demais comprar no ML meu v√≠cio... sempre veio certinho.;5;0;10.154.2;2021-04-27 23:35:57;;
105;gp:AOqpTOGEND9wA1j0N2naiaHaQQ04_63hzb09P7vYBtQ1TpF4iUVsEgUwTPQzGyeXFbEXpXPz-lUiE0SpUSHDRg;Alexsander S. Fernandes;https://play-lh.googleusercontent.com/a-/AOh14Gj3PgFbzsMziFxxJS2h204dQFrkYQd-qogTw4Xhtd4;Excelente;5;0;10.154.2;2021-04-27 23:35:09;;
106;gp:AOqpTOHyNciMtZHgGDLEChlOuU5W2YuJ1dpNSu0SBqQ2bYxYtRBdoVwhjWQgKpCABXE2JYNqJRJMFx5IG0kW2g;Daniele Sousa;https://play-lh.googleusercontent.com/a-/AOh14GjMgMLvPI1lHhfLxYQj5J_-DYF9IMvEWKWBiSh6Og;Eu havia exclu√≠do o app, quando fui instalar novamente e acessar minha conta, tive q validar com a foto da frente e verso do rg e uma selfie. E recebi a mensagem no email q n√£o fui reconhecida . Estou frustrada com isso. Fiz o mesmo procedimento hoje, por que quero acessar minha conta. E a mensagem diz pra aguardar a libera√ß√£o de acesso a conta em ate 24h. Uma falta de respeito.;1;0;10.154.2;2021-04-27 23:34:27;;
107;gp:AOqpTOHkpRCMDuifNagbDXpnpz8CuMwkXHl6TwEc_8IjK42PHcIzll4ZoMtX90eUF3D2ZHxpwTfeXd9phFmlrg;Marcelo Augusto;https://play-lh.googleusercontent.com/a-/AOh14GgwVSaMbfwh9btfKZ5H0H9HOlPs3cPDgmgV5wZXrw;show;5;0;10.154.2;2021-04-27 23:33:33;;
108;gp:AOqpTOGxE_RV0p-_YBxiF6acISwezmNo_D81kjJ845nSnkQZBSJxkGzg0-09iWDub37jjMuVEa1ScwQjRGhbnw;Maria Das Gra√ßas Lopes;https://play-lh.googleusercontent.com/-TBFr9MkYC7o/AAAAAAAAAAI/AAAAAAAAAAA/AMZuuclDjlue6jsd3UbMaHI_J86TDjiFBw/photo.jpg;S√≥ compro com mercado livre;5;0;10.154.2;2021-04-27 23:32:57;;
109;gp:AOqpTOHdiwJgDWAY13im1Dqlemub_XYwe-R_NvWcV9FJOFYfl3vh931t3UbLBbpyFKzunHyLQP-Wb0bRn4fekA;Josmario Alves;https://play-lh.googleusercontent.com/-Pxjh8YaNMnk/AAAAAAAAAAI/AAAAAAAAAAA/AMZuuckg082_sRSkumwkN7YHpl5srX7Z3w/photo.jpg;Mercado livre, tudo de bom* * * * * estrelas...;5;0;10.154.2;2021-04-27 23:31:48;;
110;gp:AOqpTOF9KzLQGIEOyje5vg7fZiBiiI5DKIjvsNaKvcpW-Ld3pV1662ulX4h66Qw_GJi49B7E-vZAbDGrAam8Ww;Leandro Chiareli;https://play-lh.googleusercontent.com/-FxR2rUXtYSM/AAAAAAAAAAI/AAAAAAAAAAA/AMZuucmyi2f9tymCzPWKRGAwt1Oqk5bssg/photo.jpg;Magnifico;5;0;10.154.2;2021-04-27 23:31:30;;
111;gp:AOqpTOGB1ak1U-UK58DLK6LwYDEEkCwoF6obVF9XIiGw1HYjI11wHscqjgx4uAsY70yDg0_zxRQWFtU9YCDkgQ;Oseias Costa;https://play-lh.googleusercontent.com/a-/AOh14Gju69pmM2z3GZj4UTedke2D0sG_lao42HSLI7r_;Excelente;5;0;10.154.2;2021-04-27 23:31:27;;
112;gp:AOqpTOH1oXZJKKjUBhuLJ7fayJOjvUkq7wFRgEFdPgC0Wp2JpW-b2CHzlVSUrvcWtJhbKOQFKvc4dLzGAIEP7A;Michellinha, Michelle;https://play-lh.googleusercontent.com/a-/AOh14GhW8PkeEJ1ZvXjPIgNtplZ3ngRC7OF7wRjXWKf77Zk;O juros de vcs est√° surreal, 330,00 num produto para pagar 900,00 em 12x no mercado de cr√©dito? Loucura isso..;1;0;10.154.2;2021-04-27 23:31:06;;
113;gp:AOqpTOHT9uN87zdJcTiV-L1cKa_7FutGX1swnxb92D1qIDHgdH_yl4uHpXLXFzpPOpWaZ0IP_WN_ZCJkg-T0EA;Rafael Deoclides;https://play-lh.googleusercontent.com/-dHsXhpFnKQg/AAAAAAAAAAI/AAAAAAAAAAA/AMZuuclN204yWoZnItAPCDNYwTN774FF9A/photo.jpg;Muito bom;5;0;10.154.2;2021-04-27 23:31:01;;
114;gp:AOqpTOHC5Aj_HyP8GvOn_jePPq6RFLdQ-pYwjQX5JT04YbMD7jIk5G425P3sk9jkiMiCbaEY3lu1R-RwT5FXXA;Alisson Rocha;https://play-lh.googleusercontent.com/a-/AOh14Gj1tWpPw97BTuoIzVlo9TEKA4oFJjROc5BItQ6fSH8;Muito bom!!;5;0;10.154.2;2021-04-27 23:30:55;;
115;gp:AOqpTOGN9TBx7ZjIlAadFydT9LkYZN0J7Hn-YRRZjzwRgA83rn0tFx-Sjdu6_I1AJJqC-XbEhHfQDplPbbWb_w;Sakura Doida ' - ';https://play-lh.googleusercontent.com/a-/AOh14Gj_msTYaTiuRcEzcuLGE8EveglPmHLpf4_ZmNfBfA;P√âSSIMO! Comprei um rel√≥gio com defeito e o mercado livre n√£o aceitou meu reembolso! Vontade de processar! Pena q n√£o tenho tempo! Cuidado pessoal n√£o confiem!;1;0;10.154.2;2021-04-27 23:29:34;;
116;gp:AOqpTOG2a8fJ9_JTpZCXrZaGyslgEtBZnUy9ruFMWk06U5hOn7UiXDy8Sxi5P0WHk5LL8N7mauaexYkFq8wkSg;Pedro Henrique Santana;https://play-lh.googleusercontent.com/-T4w612B5pYg/AAAAAAAAAAI/AAAAAAAAAAA/AMZuucnd1j-LDc_zdSeVv_Llm2aKoMsf2A/photo.jpg;Show;5;0;10.154.2;2021-04-27 23:28:39;;
117;gp:AOqpTOGu-7QfPI_c5Ffg6gHAz_crUAakI4pVQ66l5hEpK6wOdmfhA11Vskyk4CB7WCZYjqtzxyFAJQaRrI4t5A;suzane melo;https://play-lh.googleusercontent.com/a-/AOh14GhFYTnptIHzHbhJHwCfGPVXwL9dpxRWF08uvXGR2g;√≥timo app muito bom pra fazer compras online;5;0;10.154.2;2021-04-27 23:28:29;;
118;gp:AOqpTOHT6eMUP2zA1KuGZ2rpII5iHbjwp7Zx-Z2GBF7ytcldh_UBXgjgWXyN1olXNIH_kdIOIXjV7SK43PQnNQ;Menzaque Albuquerque;https://play-lh.googleusercontent.com/a-/AOh14GjYf0JHKPz_fXGZTMtxjjVs52bOFwKjRdacyac8G_8;Melhor app de compras.;5;0;10.156.2;2021-04-27 23:28:18;;
119;gp:AOqpTOGYqL1Jte15nm3DvlOEcoZo_4jz5RmAnuw-tsGGvo1oWG3p84YzHcS7IUOUfGJlJqYWJIDRR07C4g81Iw;Tainan Alves;https://play-lh.googleusercontent.com/-2wzyPTQHzjA/AAAAAAAAAAI/AAAAAAAAAAA/AMZuucmPjtxSa0wCs0K9eFhr1TvudHZLdw/photo.jpg;Eu amo comprar no mercado livre ,est√£o de Parab√©ns , rapidez e qualidade Estou muito satisfeita.;5;0;10.153.1;2021-04-27 23:27:30;;
120;gp:AOqpTOGlZu4pY7xnifxVatEvrTn5hW53rK9nY_MIrhRyV8a-eMbDMesB6LdD5xzSccJTC9pJ28FCAi0V3SbdLg;Edvando Vasconcelos;https://play-lh.googleusercontent.com/a-/AOh14GilQsPeEfD_sJaFvIVQI2TQvF4XnrKFgF6UZPzat4I;√ìtimo;5;0;10.154.2;2021-04-27 23:27:14;;
121;gp:AOqpTOFvnrUlsTaJrlg2wfLIBgIuywhYZ1gLhsl3IEurK_ZTa-1KEuhI2awZgbfW9FgT8TC9b9NsbW4NMXu1OQ;John Dias;https://play-lh.googleusercontent.com/-Kz2PAHEILHc/AAAAAAAAAAI/AAAAAAAAAAA/AMZuuclaiNJ2GNbCzoX3Udb6W8JyYS59PQ/photo.jpg;√ìtimo;5;0;10.154.2;2021-04-27 23:25:32;;
122;gp:AOqpTOGk4sCJheZIwMHRdwHW3Kic-WbbnNjGF6NPSvHfwGKu2AW2XUY8Lwfp6hGLuCSRJdj4ub70dPyYhGwZAQ;Maria Oliveira;https://play-lh.googleusercontent.com/-Z9ozSEgyDfU/AAAAAAAAAAI/AAAAAAAAAAA/AMZuucmwYws9KKOt1uTJ14AgHVpec9CG6w/photo.jpg;TOOP. A ENTREGA DO PRODUTO FOI MUITO R√ÅPIDA.;5;0;;2021-04-27 23:25:21;;
123;gp:AOqpTOH-BlNNxFWlZzffECgTXWA4gkONy2pdnHBoyu_AiygJ2qoeTWp6THRql5X5Fo2BwxFKzTsSu_SbKk8zaw;Fabinho Fernandes;https://play-lh.googleusercontent.com/a-/AOh14GiDt_asPfKuanMGP26DvQ6MU6eZ_sHmX3abZIfKNA;Fantastico muito bom;5;0;10.154.2;2021-04-27 23:24:49;;
124;gp:AOqpTOHp3b8X1lDSZ27oz8ry3enn1M25itTkEiwILDfeQ4m-aYpfB8vi_eHJZ8OrZJTRLW7df-TU1hVEGpOfdg;Herta Jung;https://play-lh.googleusercontent.com/a-/AOh14Gi4QPPG5JiBIDkxdtfGnHQxyJf65FAMzoLWbxrxLA;√â muito bom e eficiente, compra garantida, recomendo.;5;0;10.154.2;2021-04-27 23:23:04;;
125;gp:AOqpTOHKn827dpeSvjvajbPh5VepdLHgN_czrK_Lh-a05dmpbrz1f2mONzKRrmQ9RmExLFxqxGsyB24my4_B8Q;Anna Julia Leal;https://play-lh.googleusercontent.com/-47dmWhYbsAk/AAAAAAAAAAI/AAAAAAAAAAA/AMZuucmwJledu8ob6LfitquF5Aqr9p4Y0w/photo.jpg;Bom.;5;0;10.154.2;2021-04-27 23:22:38;;
126;gp:AOqpTOHm7cQXxuqx9rZx7saxbtCYziAUSR7vUAMSqMjGJSeVQ92jOVkX6mmYRGQ2oOs_ssSs3OVG0mcBXOSdcA;Maicon Oliveira;https://play-lh.googleusercontent.com/a-/AOh14GiTmVjk7y2v6cQkyCweDu8-oDuxMEjFoPCOsJ78;Otimo;5;0;10.154.2;2021-04-27 23:22:16;;
127;gp:AOqpTOGolxONlQlppovTW76yOsjNmwKG8g-V4C2KuZQsSVMSrjqL4mmBdbXwQV1WQXoGseX2icVLqXc3r36ZGw;JESSICA MARIANO;https://play-lh.googleusercontent.com/a-/AOh14Gj-nR-2V2Zu6YFE3rAMj4nasS4yrgR2N5oT591HKg;Gra√ßas a Deus a √∫nica vez que tive problema foi estornado o dinheiro;5;0;10.148.2;2021-04-27 23:22:00;;
128;gp:AOqpTOEQP3ZiBZCc20kFKlDKIcjaM5Wei5u3kjeCKMuFhCjElyZYe_55cp_k6QCRzaMiCHpdK86nMs4XthC4nA;Messias Candido;https://play-lh.googleusercontent.com/a-/AOh14GiuyxkwNDeH3Pc1kHNxGu_5BQPwTPNcDlbPCCY7;Tr√™s estrelas porque ainda vou avalia minha pesca;3;0;10.154.2;2021-04-27 23:21:04;;
129;gp:AOqpTOGuNsIKPphPyJ1BAeCfjPR_XGyHGhWxTh8Dut6efnX-dNSnuNOiAQyi12tlGejOs5B7uU2uCeTI_SOoHA;Marcelo;https://play-lh.googleusercontent.com/a-/AOh14GiY_4KjHyQ_A1Qi-yulrhziEPEbhTwIleruV12TnQ;Excelente! Recomendo!;5;0;10.154.2;2021-04-27 23:20:42;;
130;gp:AOqpTOHOlKzqcuboxrF-fc3I62jrOww4-n3yW_BQxGuwRHg3cApF0oqJxQWGnW5oV_4gWrHWU4w74_X75hDlKA;Renata Rodrigues;https://play-lh.googleusercontent.com/-Un3CdqEBWJ0/AAAAAAAAAAI/AAAAAAAAAAA/AMZuuclhRH--D9XV4mqW2Gws0O5IeWENLA/photo.jpg;Simplesmente √≥timo;5;0;10.154.2;2021-04-27 23:20:13;;
131;gp:AOqpTOGRuf-hrMpboIC_ZPda2RzHoRs8tEI6m9VQPVtfCgaEcXcAEUxU3BSH1IH5s-m380KdxRSnhsmFgBXrrQ;Higo Max;https://play-lh.googleusercontent.com/--211_gbqcuU/AAAAAAAAAAI/AAAAAAAAAAA/AMZuucn_kcnv06pxyraWz-rw5V_Z2aVhGQ/photo.jpg;Est√° travando demais;5;0;;2021-04-27 23:19:05;;
132;gp:AOqpTOHVFP5TriLX-flzPw77MuUo_6FuMfm63j8Edp8_q7nhUsL6v1FzU5px2pBVSqkogRcmc11vp-Sk5gFE9g;Luis Carlos Da Fonseca Serrano;https://play-lh.googleusercontent.com/a-/AOh14GgEmjHEI6962HvEyt3fcboLDnz3_2vBVg8RNz721A;O pagamento n√£o vai na hora da compra e √© ruim isso n√£o facilita nada ent√£o eu queria que o app podesse mudar para, melhor;3;0;10.154.2;2021-04-27 23:18:08;;
133;gp:AOqpTOHIvlU84ZS1c4ecuFKARhyzsJbhlHKXOM-jyFBSor8LuT91ppd44gVPSgRM3tWusWWh5DnveIaBk3SyjA;Claudia Barbosa;https://play-lh.googleusercontent.com/a-/AOh14GjTDB5pw8teLVH-Y243PTsEzyDY2niz9tFK2uet4w;√ìtima;5;0;10.153.1;2021-04-27 23:17:18;;
134;gp:AOqpTOHGdoJmJnXcr-fyhdaTImDkG_k8mBH2Hgs-AeslhilkPpwAtbb7MO9kZW9gIDDdDxzlxeG5YVoqqzLbkQ;Rosana Lima;https://play-lh.googleusercontent.com/a-/AOh14GiEBmaHxrqO0AaoPYt4irWRECHrj-MM8jhqsKWgTg;√ìtimo atendimento!;5;0;10.154.2;2021-04-27 23:16:49;;
135;gp:AOqpTOHYlrI84I40EpbPDMHX1lnLgfhWg9qbPB7U3r9qVvXrWcJ-o98h2nttaQhsVbdmsr6jxSaMscgReaY5aQ;JEFFERSON FARIAS;https://play-lh.googleusercontent.com/a-/AOh14GiZQ6HYvZDCT27iaVocuCOjPeSUI708_a0Kk6V21eg;R√°pido, pr√°tico, eficiente e econ√¥mico!!;5;0;10.154.2;2021-04-27 23:16:40;;
136;gp:AOqpTOFeThhSU07XcIjok5gTU1jlKxisIdn_xRRy1kBk8o76eL53t1sa9KyWhNkTcxHEMMcZ50RNYJ660n110g;Nessa Morais;https://play-lh.googleusercontent.com/a-/AOh14GjdNANGEDcweCXpKd_EDpcvF7HBmbTfNKahXrCFIg;Amei a experi√™ncia,disseram 3 dias pra entregar,e foi mesmo,3 dias pra entrega. Super satisfeita.;5;0;10.154.2;2021-04-27 23:16:40;;
137;gp:AOqpTOGntFtV6TrtCjb5Y01Yeo41lPZ-YEsnMy5zQ4DdEju_Dh42YNdUTCRcVg6Vht7CsnD7KPQrMI-2DyjTPw;Aur√©lio Correia;https://play-lh.googleusercontent.com/a-/AOh14GhgylJOgwP-J842Ho5Z02y0iO5iL0gAF9O_hnAM6Q;Mercado livre √© √≥timo de comprar facilita muito, √© pr√°tico, seguro e a compra chega r√°pido. Recomendo!;5;0;10.154.2;2021-04-27 23:16:19;;
138;gp:AOqpTOEOKymiWELE5Bmbi2gwoqzjqHQxfqclTQikOjIJSpDl4kObNVWNXyon8UatQgfdEIZ2aRglGBw2qoT0ig;Sidnei Santos;https://play-lh.googleusercontent.com/a-/AOh14GgdQ4AqACgZDBFoKYefbXP5NU4gVp02S6BFPULct8g;Hoje em dia comprar no ML √© um dos melhores meios de compras ... seguro, √°gil e r√°pido na entrega... normalmente os vendedores cumprem os prazos anunciados... atualmente adoro comprar por aqui!!!!!;5;0;10.153.1;2021-04-27 23:16:08;;
139;gp:AOqpTOFnbOWnpdyFPpIDo8iUE7iSvPeLdYa0APWwz6T3cfFcGGIQoBMVwG-TSuPpISVzzffkLSrkOR3itKHNAA;Danilo Kaio Amorim;https://play-lh.googleusercontent.com/a-/AOh14Gg4JJwIewg_JULLRhLa2yPZHFqpwsFqTVQPqCG3uw;Top;5;0;10.154.2;2021-04-27 23:14:30;;
140;gp:AOqpTOEmQFKZFTutYSyFrBtiNXUgiA0xGtuwQwDCKumcOnyGMbpUAQVI6riEBVcC2S0725846Fw0brgZx_4qfQ;JUNIOR F.F;https://play-lh.googleusercontent.com/a-/AOh14GgQtitUhe52H8smx5PTDCTPN_y9RGMifKBPiXHAaQ;√ìtimo aplicativo, bom e seguro pode confiar;5;0;10.156.2;2021-04-27 23:14:23;;
141;gp:AOqpTOHtSZHXQcuvEYZLl6rdJhsEBTeJ270-NRndyAySXA9x3YcdlTnHQG1NGoiB9H_cV9_HYYp5WuzGCuseRg;David Moura da Silva M.silva;https://play-lh.googleusercontent.com/-mJ2tWFNR3rs/AAAAAAAAAAI/AAAAAAAAAAA/AMZuucnz8rKnEQe11HbOiR1R3wIakSnHVg/photo.jpg;Est√° me atendendo melhor do q eu imaginava;5;0;10.154.2;2021-04-27 23:14:07;;
142;gp:AOqpTOHXV7dd7s3oXQenOmZkGBCIDl9jVqUVEgAWYDhNmBv9ERfeR8qTexk-qSxIp1rfihrJeu3qI0y-REjM6Q;invista na vitrine;https://play-lh.googleusercontent.com/a-/AOh14Gg1D9AiRUrSlqf7Thl-kRy-w7wtTQYQ76vNGOx58A;Muito bom;5;0;10.154.2;2021-04-27 23:14:03;;
143;gp:AOqpTOFdnlexRg9QOkgetmMUboww20_f9J7b_3Rn0CeDK2ZcJbPxwje1Z_YlIzgVjcYCtg_0-EtA0H1emoVy5Q;Vanessa Sanches;https://play-lh.googleusercontent.com/a-/AOh14GgejeTot2kr7utlnNNXHxCCqBJ91ZrQdCTCpEcRUA;Top;5;0;10.154.2;2021-04-27 23:13:46;;
144;gp:AOqpTOHd75wVfvDqwcPhnbHsHPVDRzYA9dFu9tdSeqqvqg1VOhSVAzkPXi5LrYrRo3NyMYlcnD0ge9d6m3op_g;agata ferreira;https://play-lh.googleusercontent.com/-TZKq786alvA/AAAAAAAAAAI/AAAAAAAAAAA/AMZuucnqMbNlt7z2z6sWM40beWfArOyEqA/photo.jpg;Gosto do app porem sumiu meu mercado credito pago ate antes minhas parcela;5;0;;2021-04-27 23:12:34;;
145;gp:AOqpTOG7tN_ufaEhLakp8xLMxDzri9svfW0Tc9abkpnrTg5bWBtXp1EQERBifEJKAxoKoR9Tbn3udtTd6NvsUA;Joabe Ara√∫jo;https://play-lh.googleusercontent.com/a-/AOh14Gh-cZ0UzMl0Fpq1CfQ2G4X8TvObfacLtexOIGbXzA;√ìtimo pra comprar e achar produtos as vezes de dif√≠cil acesso;5;0;;2021-04-27 23:12:25;;
146;gp:AOqpTOGHNe5TvI_LPu2pUJXVOmF1njiP-v-EpFD02i2WOysDVjmqnJi_j4ds-y-0NA68sr7SEY1TAdckQxHUxA;Willian Matheus;https://play-lh.googleusercontent.com/-g_sVOjZex9I/AAAAAAAAAAI/AAAAAAAAAAA/AMZuuclO8MHkh46t3hEFLs0srpqK4AE7aw/photo.jpg;Muito bom;5;0;10.154.2;2021-04-27 23:12:11;;
147;gp:AOqpTOFBq6ljFxk_UAlZ__nG_JcefA6Hb9h41ltrCLk21zmK03CCKLrIdildz-0XsKUme6As8ui-JPoA58DFig;Washington Alves;https://play-lh.googleusercontent.com/a-/AOh14GhmC24c2aGy5PYWy2DDtXXJ3e46C5bJdDYWBu0hjQ;üòç;5;0;10.154.2;2021-04-27 23:10:15;;
148;gp:AOqpTOFwvGv4l27uV5ixNlJo4KzWiGd8AuUoXV2kUIW6X6j5F-s_NPRG6SIzTyYCjLjQfXxKHBJvTmPMBd1mfw;Leandro Ferrari;https://play-lh.googleusercontent.com/a-/AOh14GjQYeUF4batYIIJVitpRxiLF7v0Q4mO5YWGSyQx9g;Excelente site de compras! Muito eficiente pra busca e hoje praticamente tem todas as grandes lojas!;5;0;10.154.2;2021-04-27 23:09:04;;
149;gp:AOqpTOFLXYWePkc9FJfq2ztwcthDwapzYhysfAYtqNWwblqzGqriz1RIrPbVXpXjGE9K34ib6AOf6Rq3JJPwTw;P√¢mella Boldrini;https://play-lh.googleusercontent.com/-16vfGo925CI/AAAAAAAAAAI/AAAAAAAAAAA/AMZuuck1yuwqCzF1tqvGtacGA4hzIVtLfw/photo.jpg;Melhores produtos e sempre mais em conta;5;0;10.154.2;2021-04-27 23:07:35;;
150;gp:AOqpTOFFJnENrJtVx8a8bgOAGXg3xSy72_42B1F6GV5b4FjMM1dRGYGDJeZGQ6fvzMDtjWiJ5s5ZmoRUQKt__g;Tatiane Beghini;https://play-lh.googleusercontent.com/a-/AOh14GhAobBrtCgNJGxIxffupuRcOJOG5kia8SIHIrenOQ;Sempre compro e por enquanto n√£o tenho o que reclamar.;5;0;10.154.2;2021-04-27 23:06:31;;
151;gp:AOqpTOEttjGwX_lPh2QkJ6Oygr9puCHuA5Gv3j8hzBizp-dzAgrd7EhEkazX1aVQapJRpR3blWNVpL1nTi1I0w;Edmilson Jose;https://play-lh.googleusercontent.com/-TL98wx1OUxA/AAAAAAAAAAI/AAAAAAAAAAA/AMZuucmZwu94CIIgM5FVeerb47Lrj9jdwQ/photo.jpg;T√¥ gostando. Muito bom;5;0;10.154.2;2021-04-27 23:06:17;;
152;gp:AOqpTOEKu2CwQPDxiX9_qP1vv0yKMHD-0cnqpCrj3I0G3xwAuppAwgtqhpQouu-YKwjNVtXAGcV26BV1nYYtkg;Avraham Lemos;https://play-lh.googleusercontent.com/-fzQVmlZQFaQ/AAAAAAAAAAI/AAAAAAAAAAA/AMZuucmNjCLKs8M3K6cFUW8qCGtioYvUyA/photo.jpg;Compro h√° v√°rios anos no Mercado Livre. Compra segura e satisfa√ß√£o na entrega. Precisei , uma vez ,devolver uma mercadoria, foi sem burocracia e meu dinheiro devolvido. Eu recomendo!;5;0;10.154.2;2021-04-27 23:06:17;;
153;gp:AOqpTOHowU65zSEHzeejqykuJw4hz_5lDLEaQsv8jjNQaVP_93WBaLjOhUffZERAV3bghEpJ2y62xQHFcFkgwA;Juci Santos;https://play-lh.googleusercontent.com/-kkD3Cqq9pTQ/AAAAAAAAAAI/AAAAAAAAAAA/AMZuuckzOYsnt2oMncWzL4p3HmynKd2zNw/photo.jpg;Atendimento √≥timo;5;0;10.156.2;2021-04-27 23:05:52;;
154;gp:AOqpTOHzVgNKtWGJUaMLWewsDMeQ1QatFikNTgL_03WRIivMNc2E9GDVLZ1aJT7JjTrFxtw_lWL6W_XiRbnpQA;Fabiane Machado Trindade;https://play-lh.googleusercontent.com/a-/AOh14Gji8qkruOS4iYNE0mf7-25HTfVcIwFu3plPwQofKg;Nada a reclamar. √ìtimo pra comprar e super seguro.;5;0;10.154.2;2021-04-27 23:05:01;;
155;gp:AOqpTOFWR5j7OKQEMORwows6OOwGmCn6VD2A5UDYSOM5VmpOEwZnKR0UniweztJxgTmwlyF6opzHKOGykLd4xg;mayara allen;https://play-lh.googleusercontent.com/a-/AOh14GgXRN6-RWS2Cl4YfwCNQpJzZHI5m6zSP1nTeAvgZg;Gosto muito;5;0;10.154.2;2021-04-27 23:04:47;;
156;gp:AOqpTOHzfRw53zMl-wtNilUx1YauObZhrJv0LaY0_0_W2DEpG3tagr1Mn7WaFwqrE54kJUOgwwBNsBdKjcNbQw;Daniel Freitas;https://play-lh.googleusercontent.com/a-/AOh14GgV3DgrDKQoiaK4obpaQNZ567hYECoJCv694vRHszI;Excelente... resolve r√°pido... navega gr√°tis!;5;0;10.156.1;2021-04-27 23:04:36;;
157;gp:AOqpTOFgCfB0IfigA8x5gbsqIKj_kTxVYOH8CH-Eoc4Tp3xV54OTIz4YL3SvLeMFpZHjXO43uCUMgKR82AVydQ;Nanci Teresinha da Silva Silva;https://play-lh.googleusercontent.com/-hazPtAP0Js8/AAAAAAAAAAI/AAAAAAAAAAA/AMZuucm6DUlcv-SEBsteTy0XIL_yjI4LbQ/photo.jpg;√â f√°cil e seguro. Chega no prazo estipulado.;5;0;10.154.2;2021-04-27 23:04:20;;
158;gp:AOqpTOErjOLipbhxMNQn2sdhxmnDnQShiogKCrpZ1t_foCH3BxjMMZUg7xjUbecDsHbcztVYSW5s-IGsmwvXYA;Luciana Rodrigues;https://play-lh.googleusercontent.com/a-/AOh14Ghyh1fbU38u__WutlgrCoJqdIB2G6uc-zFp82v8Ag;Super recomendo;5;0;10.156.2;2021-04-27 23:03:26;;
159;gp:AOqpTOH3jrfocombkQhZTEcmC_xFBSNsZkkLgsioonD1egmIbiSP1-wLthltbz28NExdxPlt8Sgx0MblJy3Dkw;Jheniffer Am√©rico;https://play-lh.googleusercontent.com/a-/AOh14Gj4O7nVgxFGtBdUVYOOTuXFkIlXa_KnozIaCky7aTY;Muito bom, super confio!;5;0;10.154.2;2021-04-27 23:03:05;;
160;gp:AOqpTOEh45oH5rk1ZBmawKxvCB7FFLu2ZBO6KUQICFPQiZ_JxK3LhSYymqEECSG0xL1BGB9Tl-qihG6UlaAbMQ;Lucas Souza;https://play-lh.googleusercontent.com/a-/AOh14GgZUXAVOao41jIi_hxHdZeBejitaJdD4p9HT9P4pg;Uso minha conta √° muito tempo, minha realizo a maioria das minha online no app. Por√©m anucie meu carro no app e suspenderam o minha conta , alegando poss√≠vel fraude . O app pede foto da minha CNH pra reabilitar minha conta por√©m na hora de tirar a foto o app me manda pra p√°gina inicial . N√£o oferecem suporte nenhum pra essa situa√ß√£o .;1;0;10.154.2;2021-04-27 23:02:52;;
161;gp:AOqpTOHtsSqpf9tk26fPiAbCfKFxPKfHB64g8VD7pD5CgNQSMqf1Hs52OdBF5fYcLgAoEu9xeYuhMwFULqOxnQ;Lua Gomez;https://play-lh.googleusercontent.com/a-/AOh14GhcxerOYSY_tVLenvclIyNkZylO_1AdNOSzheVu8-s;At√© o momento nada a reclamar!;5;0;10.154.2;2021-04-27 23:00:49;;
162;gp:AOqpTOGuSB8kZyEJe061yfYdywkeijI41K7lSo3NAQQTwYBDrORsQPEhLAHSnk0H9-8rtAXAu7NDJH7O_qc3Jw;Joice Pereira;https://play-lh.googleusercontent.com/-zAFUY4QYQ9s/AAAAAAAAAAI/AAAAAAAAAAA/AMZuucn_mc3ikmqAQzP1RGNDhgh8Z8EIww/photo.jpg;Excelente;5;0;10.154.2;2021-04-27 23:00:26;;
163;gp:AOqpTOHOkSAGeCB6ijarUJj4TOCnUu1WTIgeqPyi1GKHTHV_Uud7_nr376jbNy6SCSWpB_Bv6uNB3CWIyxVmnQ;Jorge Assis;https://play-lh.googleusercontent.com/-c6OZdu-cXPg/AAAAAAAAAAI/AAAAAAAAAAA/AMZuuckc_4PzxC9WURm_nMoUud3Dlm2YLw/photo.jpg;Gosto muito, pois al√©m de seguro √© muito r√°pido e pr√°tico.;5;0;10.154.2;2021-04-27 23:00:13;;
164;gp:AOqpTOGB_rJfIYyPvGsx_p9BRwmXI23Qu4-KKrurlkPRoTChK_Lt825zfiwNrNGUsbSgkJYRQ8tf-xFihhB5Fw;alex nascimento;https://play-lh.googleusercontent.com/-qaZek9-4v6k/AAAAAAAAAAI/AAAAAAAAAAA/AMZuuckLxggMi3zNDgUF3wZthSvdEqlTRg/photo.jpg;Muito eficaz;5;0;10.154.2;2021-04-27 23:00:11;;
165;gp:AOqpTOHX02jfQlSu5O9GO9-yTR1UmheWVkt563OfpasRdpfPpVAJvaKwkc8TziJ7xU19arN2av0ASJthMPcjbQ;David Willian Silv√©rio;https://play-lh.googleusercontent.com/-T5R4EdS1n7E/AAAAAAAAAAI/AAAAAAAAAAA/AMZuuckKxv10KHlJHbCjM-79rk5sjGvFyQ/photo.jpg;Pre√ßos acess√≠veis. Compro sempre;5;0;10.154.2;2021-04-27 22:58:26;;
166;gp:AOqpTOHPGKj2BmywwhD_726oULuehV7uQy4vGplH-CSZztRKPPNne7dZzmcQyK98MYMQCAF6PzUvsenxwMLBYg;Jos√© Carlos Zanoni;https://play-lh.googleusercontent.com/-W_bdCV9yDOE/AAAAAAAAAAI/AAAAAAAAAAA/AMZuucnTTBNmEoQlJZwSqAIBp-qc7G3Ibg/photo.jpg;Desculpe comprei um Tenis da hocks agora e me enganei no numero √© 38;5;0;10.154.2;2021-04-27 22:57:43;;
167;gp:AOqpTOFLxG15mcTmA10WkpMskOP1LJRxo-vq_9h-QAeJRpo1i655bAZcpgk697_Wf071IOLavsemUU2zeTHhjA;Gordo 2.0 light;https://play-lh.googleusercontent.com/-6UYFrn2BiZw/AAAAAAAAAAI/AAAAAAAAAAA/AMZuuckWHIrN36xcN1Fos0-pWarCRkI8GQ/photo.jpg;Legal pr√°tico e tem se tudo;5;0;10.156.2;2021-04-27 22:57:02;;
168;gp:AOqpTOGHg9znNq9tN0E80zSyjXPXX9foNAqdIavARxwMUO8aJEz34EVeDeGnfffefxra9kZzHRiD9yeELuWiOw;Gordoventura123@gmail.com Babalu;https://play-lh.googleusercontent.com/-_X8Ntce19Ac/AAAAAAAAAAI/AAAAAAAAAAA/AMZuuckg9sx1C1xQxHuzpSRyATxh1nLUIA/photo.jpg;Muito bom! eu recomendo;5;0;10.154.2;2021-04-27 22:55:41;;
169;gp:AOqpTOH-vDlGy7LmLzB6rw6tWinFjI_jsNW6ErRJfb4lRgpin4k7WABFNW8DN8UG891naJCR3skKYXMpkXdC2Q;Vagnerrotsac@hotmail.com Rotsac;https://play-lh.googleusercontent.com/-4MHw1ywHzCU/AAAAAAAAAAI/AAAAAAAAAAA/AMZuucnrVTeoL7CnDAHUkwk2-tmz9Yx2UQ/photo.jpg;Excelente;5;0;;2021-04-27 22:54:18;;
170;gp:AOqpTOF90EgbVPEx9VDJKnQwvg-m2WomcJQfwHANubjuyStBGZfT_YCccW5u7Ukc3zpnI88zxlF80I936cmsuQ;Dj Marcelo Steim;https://play-lh.googleusercontent.com/a-/AOh14GjH6-OUs0bOwmOweiUkYoRtVRKPk50A_rz90CLM;Todas compras perfeitas;5;0;10.154.2;2021-04-27 22:54:10;;
171;gp:AOqpTOG_B8KeXJt2qw1LOp08GVcrhovvLbK5e_0GVXmKOjAnPYriMWtVgPKI1CFdhtSOHlt3bLoq8cslYx_-2g;Luciano Gomes;https://play-lh.googleusercontent.com/-Xps2xrvF4oY/AAAAAAAAAAI/AAAAAAAAAAA/AMZuucm15IUXq2IBtG_-JQ1bI3A4gUoLkQ/photo.jpg;Muito bom √≥timo atendimento trata muito bem os clientes;5;0;10.154.2;2021-04-27 22:53:50;;
172;gp:AOqpTOFiZ85uCPNMb3eWsEzU0-2pekgBeSJ80FoYU3pm6CqlcLKf2yHzUo12mBTZ2yIwMUXaVOm_cY-jw_q0lQ;Alessandra Walter da Rosa;https://play-lh.googleusercontent.com/a-/AOh14Gg2zD5RPqGvYu8Q9NXAw8fYCht2BAlI1j2ruhVMpL8;Tudo que comprei sempre chegou no prazo, super recomendo!!;5;0;10.154.2;2021-04-27 22:53:42;;
173;gp:AOqpTOHPx93ovzT-F0ZG5btUW0OybhaNpVgxnt1J1M0CThU1xDmyb7OjvD__rBws3MtjIElB80KWivljthvqIw;Lar para idosos Servebem;https://play-lh.googleusercontent.com/a-/AOh14GiIjrkT5mGHsMuNl4BLSXHk9im8uNz2LheCAe6aXA;√ìtimo servi√ßos prestados;5;0;10.154.2;2021-04-27 22:53:04;;
174;gp:AOqpTOEUt6ptJorhKiOSb6rZMaHKugP7RT7jWH7qdwzf66aYCL7NXDJ-ydtMyig4HvQs2Pwc5o8zuMc766vVEw;By Vit√≥ria;https://play-lh.googleusercontent.com/-MYCwIaQKIwI/AAAAAAAAAAI/AAAAAAAAAAA/AMZuucn7aqCNAcpCh5u02c1hb6gOYwX9iQ/photo.jpg;Bom;5;0;10.154.2;2021-04-27 22:52:22;;
175;gp:AOqpTOHG7Q57FV0b2EW45CsJa6_pmp65e-IaCxu4GXAeujj6aV5EqZQdyKc7XpR1JHlragn6GjM6NiSHjR3jfw;Rosildo Alves;https://play-lh.googleusercontent.com/a-/AOh14GgNmYdac7PFLHXm68wXCzXO5dI4bxqlK-dqn7W7qw;Muito bom , cumpre com o prometido;4;0;10.154.2;2021-04-27 22:52:06;;
176;gp:AOqpTOHKbQ-4Tp6W9_c5bD5jk3R99qkGCCYRo4HDWEvmA4jqZySbZyO4ap1xsIJKCIN1o6RqOe3uT6B-lSJDGA;Ana paula Vicente;https://play-lh.googleusercontent.com/-iSlRNSPMR8Y/AAAAAAAAAAI/AAAAAAAAAAA/AMZuucmfYQF9WuD4zCX57Ho9ErmAFLgbgg/photo.jpg;Otima;5;0;10.154.2;2021-04-27 22:50:50;;
177;gp:AOqpTOHKBi9oNzefCjQKM3tLUs7HqLjdyg45jRQ4lsXJVxp1okYZcDpArvWB_Zht9EZId7NQDcht7vjcUCiD2A;Rosana Santos;https://play-lh.googleusercontent.com/-xRbJzeKkuTM/AAAAAAAAAAI/AAAAAAAAAAA/AMZuuck_ZnZzA3gdu0xIvARNp5ganDku1A/photo.jpg;Melhor App de compra e venda.;5;0;10.154.2;2021-04-27 22:49:28;;
178;gp:AOqpTOEjU7wA1Ci2ngmd0Gr4WJ9k-ON3ZHxQ_aWbSIsXRabo5VNqXiptDRfYMdZtfY7oJUXlUmYwAsReyS-6zw;R. Ocardoso;https://play-lh.googleusercontent.com/a-/AOh14GgSdoJ2sRmZULP5x6knbogjJRfp55EItI6gOnUEcQ;Um facilitador, que nos possibilita uma fazer uma excelente compra.;5;0;10.154.2;2021-04-27 22:48:54;;
179;gp:AOqpTOFGxZLF55PZqYH8W8O3LUrjN-DOnyjhfrqHQn-wmZstQ3noPGTfaQVKh-E8BBeEmzlcJdtedTg-1JZnew;Um usu√°rio do Google;https://play-lh.googleusercontent.com/EGemoI2NTXmTsBVtJqk8jxF9rh8ApRWfsIMQSt2uE4OcpQqbFu7f7NbTK05lx80nuSijCz7sc3a277R67g;√ìtimo;5;0;6.10.4;2021-04-27 22:48:48;;
180;gp:AOqpTOFFCXHse8rgb_1BkqUkHZTQ5iW5H6jOdH-38SWaOeZ7ct2xalrTWDl6Did_3CO8RzgWXhQQu15JoJ80QA;Mauricio Pugliesi Filho;https://play-lh.googleusercontent.com/-ZilLGj60L2s/AAAAAAAAAAI/AAAAAAAAAAA/AMZuucnmRg5yfY6o3s-d49mXrYY8-O2oqA/photo.jpg;O √∫nico problema que vejo √© a demora para as respostas do mercado livre pra n√≥s.;5;0;10.154.2;2021-04-27 22:48:42;;
181;gp:AOqpTOGLXhYz_Znp3Z_Y806Y_VL2bE7eJ018IR4VeF7g39lGNquw1nPfBZnrP7Ft2ynn_goV_op0qO2bTFEmdg;Carlinhos Silva17;https://play-lh.googleusercontent.com/-8XVL1UObd-A/AAAAAAAAAAI/AAAAAAAAAAA/AMZuucnkrKF5vMQtsAfG1hM68iYb-eabWg/photo.jpg;Muito by;5;0;10.154.2;2021-04-27 22:48:37;;
182;gp:AOqpTOGvF-AxW9i3JGnOmNDhKpBGp5frCc2SLttP3vdSCzZ75eF9MUrHgJUJmXIDPZmp2nEvu636w2rzkrjsvg;Reginaldo Pavani;https://play-lh.googleusercontent.com/-E_F73X8-P-o/AAAAAAAAAAI/AAAAAAAAAAA/AMZuucmFfSwJHiuqg1TEpuEJ8VLhCcr-Wg/photo.jpg;Bom;5;0;10.154.2;2021-04-27 22:48:28;;
183;gp:AOqpTOFmd3w3moWs_vAoAdO9QQEP10AFPEdLdX2yjmAbzr1HfZPHFPyuY7gF52BAIaWAzoIPa4c_sCvNyf6urQ;Tarcilio Charles;https://play-lh.googleusercontent.com/a-/AOh14Gh6FW8pdwElCH2QfRMYj4zZqpZi-iLylyLR_5qTNQ;N√£o estou conseguindo entrar na minha conta sempre t√° dando errado s√≥ volto pro in√≠cio;2;0;10.154.2;2021-04-27 22:48:27;;
184;gp:AOqpTOGNS7HA-t8iyIEoWmsyINslb-g2Fu4OBziiKjGrYj_jgpWom2rRA8IaeIfMDhND447H8946dRXgZw0bng;Lucineia Silva Santos;https://play-lh.googleusercontent.com/a-/AOh14GiX9GOyTyAddP-3lN_YDMsi1pWGFz627QTOP7im2w;Adorei est√° app;5;0;10.153.1;2021-04-27 22:48:22;;
185;gp:AOqpTOHBj-W2JhPlueVmbOs5y6qVJVFwebe7qN30q4aZnmxfXkzxnJBPDqwvuU2_uyE3ysjrky4tVMmj92epzg;Jonathas Gomes de Medeiros;https://play-lh.googleusercontent.com/-rnL2ORMoxZs/AAAAAAAAAAI/AAAAAAAAAAA/AMZuuckLnHm_ZbKd4wavPt8qpQXWTPkE8Q/photo.jpg;Valeu mercado livre!;5;0;10.154.2;2021-04-27 22:48:16;;
186;gp:AOqpTOGTpcTn8IzJzWTXRnZV32hFZYRFTVJIhuQySGAeaWziIUU_Ps5atiq-wEsP5Ccw8rQn_3wNW9Czk4CQ8g;Tamiris Cristina;https://play-lh.googleusercontent.com/-MGtfYRxjjQw/AAAAAAAAAAI/AAAAAAAAAAA/AMZuuckC0tuy2KiMau7zSLZYZ9sJyMc2Gw/photo.jpg;Um dos melhores aplicativos de compra online gosto muitooooooooooo;5;0;10.154.2;2021-04-27 22:48:15;;
187;gp:AOqpTOGEYv4NuKGBsUljGqDngPYZPELmq2j78Vm5vCrkEm16J_Eqrey3QOtz_hrPgyB7EZGxuM3WKrac8Exkzg;Marivete Solda;https://play-lh.googleusercontent.com/-ENtbUEKpkZs/AAAAAAAAAAI/AAAAAAAAAAA/AMZuuclKc-V7fmvaM2ADgW1fEH8YkDaN8g/photo.jpg;Amooo √© muito bom √≥timo compro s√≥ no mercado livre s√≥ o frete me desanima um pouco;5;0;10.154.2;2021-04-27 22:48:05;;
188;gp:AOqpTOFAmFytdN9lq0zrS8UuDPOIoOgV7AfzDSO1xsj0l55NLEMmHJup-BVgKt2ZpcC9zmhIeYBZWGCnyXGyPQ;Willian Barbosa De Souza Barbosa;https://play-lh.googleusercontent.com/--oY17frPuCw/AAAAAAAAAAI/AAAAAAAAAAA/AMZuuclqQp9tNX42tarsqdgpr8oEGC_fwA/photo.jpg;ü§ôüèªü§ôüèªü§ôüèª;5;0;;2021-04-27 22:47:36;;
189;gp:AOqpTOHuyhFuUpYNFLmwiEMqQwb4T_LEwTdB0l85gqxE4OxYo5XJk6j4RQBs_n2JSHF9vpF2cT2hZ3M-Jl6qtg;Renato Silva;https://play-lh.googleusercontent.com/-0TMmFTMw_yY/AAAAAAAAAAI/AAAAAAAAAAA/AMZuuckWWBPrarcOrmB_p6It9uKjPKoORg/photo.jpg;√ìtimo;5;0;10.154.2;2021-04-27 22:47:28;;
190;gp:AOqpTOHSS935GeXBEqT3prYAKcndAcL1J84KvzHq_uNZnHc0kIZPau5x0zx2759MqP2jxDYZWSMpCPIQ1DcN4g;ruver blandy;https://play-lh.googleusercontent.com/a-/AOh14GiHNruax-Y3Qx-NE_lQOGTyX16Xi0OH2S3yg55vNQ;A minha compra foi sem problemas !;5;0;10.154.2;2021-04-27 22:47:21;;
191;gp:AOqpTOGlisHGrzK60qNsjjbcira9tXcJcGXeTDzpeHcd3rBfKfJLU6uBW0_b6f91xhlWYpwAIKZ0ePsx2fFwng;La Diabla;https://play-lh.googleusercontent.com/a-/AOh14GjqP28WyexKsvg0g5lddiwn0kDb5c8YzlllemchEg;Simplesmente amo amo amo muito!!! Melhor site de compras!!;5;0;10.154.2;2021-04-27 22:46:41;;
192;gp:AOqpTOG1QUOxGqpEpqTBJ7cMgPoto2YaDHlMvdaZ7xSjJciwbneqBlAjI0QlmGT4aB7XndqJv0nsdTv0ZugSQA;Graciano Arcanjo Barbosa;https://play-lh.googleusercontent.com/-Xk4vjTHLE10/AAAAAAAAAAI/AAAAAAAAAAA/AMZuucm_hEMKqWV8VNNsku1FawEUyJXCLg/photo.jpg;Muito otimo;5;0;;2021-04-27 22:46:30;;
193;gp:AOqpTOFha-mU9HANAscIdlj8K_rrlNJkeWiHlD8vHwR_waKS9VmODd6I5b8KrwxraryR20Usu993jBrh_OhU-w;PROFESSOR GULLYVER;https://play-lh.googleusercontent.com/a-/AOh14GharWhY3QgBhnrQIf3ZUDBgxYtXtB6fJqNZfnnkgA;Melhor plataforma de neg√≥cios ... Id√¥neo, justo e transparente. Estou muito satisfeito em utilizar o ML.;5;0;10.154.2;2021-04-27 22:45:10;;
194;gp:AOqpTOEa2VRr0mKHM1XxHuauLt_9TGxc4eHVYlj_g5tfXmpws1fS_m6J356cvgyXKHVSIQs2wPDrTqzN2WC37g;Francisco Sim√£o;https://play-lh.googleusercontent.com/a-/AOh14Gj-5oska9CwTdOUN3Pyezyo5fXfO1cC1vaJDlig8QE;Bom.;5;0;10.154.2;2021-04-27 22:45:02;;
195;gp:AOqpTOGfQM6l-KpfE1NRVrM2hdoJRZ2B4OMEEwfuIi6jWWg6WOL7fCtog0HEeSOTc9r-HVud5DKoUbJdAn2A_A;WESLLEY HENRIQUE;https://play-lh.googleusercontent.com/a-/AOh14GiIhtX6uVt3YV6PstJOD6JPYo1LncH6jXc9XnuTGg;Top demais o melhor app de compra;5;0;10.154.2;2021-04-27 22:44:19;;
196;gp:AOqpTOEkBozKakF7lIGX9stg4gcQv6Yu9KrzXYSQ1izZU8PN61qRlUJHRYRCNbsYcKFGJxcHkG7_3c_Ut4zb8Q;Vana Arantes;https://play-lh.googleusercontent.com/-xZgeXtrMJxg/AAAAAAAAAAI/AAAAAAAAAAA/AMZuuclYLWzYZQ_UU1O5ulG7s-tIP1HAOw/photo.jpg;Tentei comprar o site disse que minha compra foi realizada com sucesso e n√£o me d u sujest√£o para v√™ o que comprei;1;0;;2021-04-27 22:43:20;;
197;gp:AOqpTOHigvGecpAM4dVMenEy-H5zEsigu0pwUVDQ9fIhNsdE1rre98C8Ehr3bFzSgeK1QzK7ppsZgHieglui5A;Emerson Junio;https://play-lh.googleusercontent.com/-0damq2Y0n-E/AAAAAAAAAAI/AAAAAAAAAAA/AMZuuckx3ULR9UfQVttEPccIRqpLZRxbXg/photo.jpg;Muito √≥timo, aplicativo excelente;5;0;10.154.2;2021-04-27 22:43:05;;
198;gp:AOqpTOG7Au848src6LE3Qv3Sxi8_TmQYCW7djq-QZ7CGwvmLSER-5VUDE_JraFL4f2xXmyNZ5HWOQmWjPDQrSg;Emanuel Paiva;https://play-lh.googleusercontent.com/-VvA24vKwKxU/AAAAAAAAAAI/AAAAAAAAAAA/AMZuucmDXvG-pfXHoVc-a2iVV7tizqdrWQ/photo.jpg;Excelente app mercadorias com pre√ßos bom entrega r√°pida e confi√°vel obrigado por tudo!!;5;0;10.156.2;2021-04-27 22:41:54;;
199;gp:AOqpTOHTQseHc0nMz9G6L5UOjVuJuNl1BUOWFG03bIH9n8F4IbGr8-Az-qGR95X1U0_n7U_206wW4qHF3ylO1w;Juliana Cruz;https://play-lh.googleusercontent.com/-31qcHL6dR4U/AAAAAAAAAAI/AAAAAAAAAAA/AMZuuckJsVE4Kyo-6rasKJFegIoovHfTvw/photo.jpg;Muito bom. Gostei;5;0;10.154.2;2021-04-27 22:41:29;;
